customer_id,customer_name,email,registration_date,customer_type
1,Allison Hill,donaldgarcia@example.net,2026-07-01,REGULAR
2,Leslie Johnson,robinsonwilliam@example.org,2025-10-17,REGULAR
3,Matthew Gardner,shaneramirez@example.org,2026-03-20,VIP
4,Melissa Peterson,jasongallagher@example.org,2024-10-19,VIP
5,Ian Cooper,lindsay78@example.org,2026-07-25,REGULAR
6,Juan Calderon,barbara10@example.net,2025-02-01,REGULAR
7,Victoria Wyatt,jamesshawn@example.com,2024-12-12,REGULAR
8,Daniel Adams,lynchgeorge@example.net,2025-02-14,VIP
9,James Mayo,gabriellecameron@example.org,2025-02-01,REGULAR
10,Renee Morales,clarksherri@example.net,2025-04-09,VIP
11,Jonathan Wilkerson,ithomas@example.org,2026-03-09,REGULAR
12,Deborah Richards,icox@example.net,2025-08-26,PREMIUM
13,Anthony Rodriguez,laurahenderson@example.org,2025-06-02,REGULAR
14,Zachary Rice,frazierdanny@example.net,2026-03-14,REGULAR
15,Martin Rodriguez,amoore@example.net,2026-06-19,PREMIUM
16,Valerie Gill,harrellkenneth@example.net,2025-09-06,REGULAR
17,Brittany Farmer,georgetracy@example.org,2026-07-30,PREMIUM
18,William Roman,brianhumphrey@example.org,2024-10-13,PREMIUM
19,Rose Spence,davidalvarez@example.net,2024-12-14,PREMIUM
20,Shane Henderson,sarahcampos@example.net,2025-01-11,REGULAR
21,Jennifer Powers,samuel87@example.org,2025-02-16,VIP
22,George Chapman,briannasmith@example.net,2025-12-11,PREMIUM
23,Austin Johnson,chad34@example.net,2025-08-20,PREMIUM
24,Carlos Walls,esanchez@example.com,2025-01-02,VIP
25,Matthew Gomez,uowens@example.org,2026-01-13,PREMIUM
26,Maria Brown,lauren13@example.org,2025-01-02,VIP
27,Brenda White,ewright@example.com,2026-04-27,VIP
28,Krista Williams,novaksara@example.org,2024-12-15,PREMIUM
29,John Hancock,martinaaron@example.com,2025-03-01,REGULAR
30,Rachel Mitchell,smoore@example.org,2024-09-22,PREMIUM
31,Kimberly Adkins,williamsthomas@example.net,2024-12-08,VIP
32,Jordan York,larsonemma@example.org,2025-06-17,REGULAR
33,Steve Sanchez,harveyrobert@example.net,2025-10-21,REGULAR
34,Taylor Harris,john62@example.net,2025-12-22,VIP
35,Eugene Walton,smithchristine@example.net,2024-10-24,VIP
36,Daniel Baker,nicole35@example.com,2024-12-08,VIP
37,Joshua Turner,contrerasangela@example.net,2024-10-27,VIP
38,Brandy Wilson,newtoneric@example.com,2025-11-20,PREMIUM
39,Grant Watts,william40@example.org,2025-12-13,VIP
40,Donald Smith,danagreen@example.net,2025-07-17,REGULAR
41,Jessica Smith,landryhannah@example.org,2025-10-05,REGULAR
42,Jacob Tran,tanderson@example.com,2026-07-07,REGULAR
43,Valerie Williams,jason31@example.com,2026-04-05,PREMIUM
44,Shelly Dickson,sarayoung@example.org,2026-04-21,REGULAR
45,Sierra Johnson,kimberly63@example.com,2024-12-09,VIP
46,Ashley Brennan,dwalker@example.com,2025-04-02,PREMIUM
47,Shelby Walker,raymondramirez@example.org,2026-03-31,PREMIUM
48,Martin Ross,sheila14@example.org,2025-11-01,VIP
49,Deborah Rodriguez,yreed@example.com,2025-07-12,PREMIUM
50,Kayla Cruz,jonathanfletcher@example.org,2025-09-15,VIP
51,Kimberly Ball,michaeljones@example.net,2026-07-24,PREMIUM
52,Erik Charles,william65@example.com,2026-01-31,PREMIUM
53,Cameron Fisher,lbyrd@example.net,2025-10-24,PREMIUM
54,Joshua Smith,jason99@example.net,2025-04-15,REGULAR
55,Jeremy Lewis,yleon@example.net,2024-12-17,REGULAR
56,Diane Beck,clarence34@example.org,2026-04-26,REGULAR
57,Alexander Sanchez,xcarr@example.org,2025-07-27,REGULAR
58,Mark Lee,psnyder@example.org,2025-12-30,PREMIUM
59,Stephanie Dalton,osbornejeffery@example.net,2025-09-14,PREMIUM
60,Justin Lowery,bryantlaurie@example.net,2025-09-24,PREMIUM
61,Linda Dodson DVM,jrivas@example.com,2026-07-05,VIP
62,Scott Cole,maryramirez@example.net,2025-08-19,REGULAR
63,Denise Jones,jimmy55@example.net,2024-10-09,REGULAR
64,David Benson,calebrussell@example.net,2025-08-04,VIP
65,Daniel Fisher,gateskathy@example.com,2025-08-13,VIP
66,Guy Molina,vmedina@example.net,2026-04-21,PREMIUM
67,Connie Robinson,ytucker@example.com,2026-01-09,PREMIUM
68,Jennifer Martin,ncalhounexample.net,2024-08-28,VIP
69,Leslie Alvarado,dayderek@example.com,2024-12-27,PREMIUM
70,James Lewis,matthew64@example.com,2025-02-19,REGULAR
71,Julie Curry,cookemichael@example.net,2024-09-30,REGULAR
72,Marissa Webster,jamessmith@example.org,2025-02-09,PREMIUM
73,Michael Elliott,stevenscott@example.com,2024-12-16,VIP
74,Tracey Higgins,tamirodriguez@example.org,2026-07-30,REGULAR
75,Michael Rubio,mdavid@example.org,2025-11-10,REGULAR
76,Lori Garcia,melissa91@example.net,2026-04-07,VIP
77,Joseph Stanley,huntermatthew@example.com,2026-05-08,VIP
78,Jeffrey Cox PhD,bzimmerman@example.org,2026-02-28,REGULAR
79,Marie Gilbert,umarshall@example.net,2025-03-04,PREMIUM
80,David Michael,nicole37@example.net,2025-11-25,PREMIUM
81,Gabrielle Snyder,hunter35@example.com,2025-04-29,REGULAR
82,Kyle Beard,blackjames@example.org,2026-02-18,REGULAR
83,Justin Allen,fbrewer@example.com,2026-04-15,PREMIUM
84,Edward Sullivan,kevinperkins@example.com,2025-10-11,VIP
85,Jessica Reese,michael74@example.com,2025-02-19,REGULAR
86,Nathan Stewart,jamesrodgers@example.com,2026-02-21,VIP
87,Paige Carlson,wallkenneth@example.com,2024-12-25,VIP
88,Michael Martinez,mccannangela@example.net,2024-11-14,PREMIUM
89,Nicole Garcia,andrewstaylor@example.com,2025-04-29,VIP
90,Anthony Everett,ewilson@example.com,2025-08-24,VIP
91,Mark Brown,lisaavery@example.org,2025-02-16,PREMIUM
92,Phillip Obrien,kimberlyjames@example.com,2025-03-26,VIP
93,Wanda Torres,lynchjody@example.org,2025-12-06,PREMIUM
94,Matthew Moore,andreamoore@example.com,2025-07-23,PREMIUM
95,Julie Johnson,jasmine71@example.net,2025-02-05,REGULAR
96,Rachel Weber,ronaldstephens@example.net,2024-12-01,REGULAR
97,Samantha Jones,lauralarson@example.net,2026-07-24,REGULAR
98,Caleb Barker,gbender@example.net,2025-08-26,REGULAR
99,Kyle Preston,cassandra01@example.org,2026-01-13,VIP
100,Laura Sampson,barbara27@example.net,2025-12-27,REGULAR
101,Donald Shea,fwalters@example.org,2025-08-08,PREMIUM
102,Gary Santiago,marksteele@example.com,2026-01-04,REGULAR
103,Robin Pierce,qmiller@example.com,2024-11-06,PREMIUM
104,Jennifer Robertson,sandovalamy@example.com,2024-09-19,REGULAR
105,Isaiah Avila,nwolf@example.com,2025-10-08,VIP
106,Dwayne Gilmore,omartinez@example.net,2026-04-20,REGULAR
107,Christopher Pierce,hdavis@example.com,2024-11-07,PREMIUM
108,Brittany Cantu,william46@example.com,2025-08-09,REGULAR
109,Juan Reyes,michellehill@example.com,2025-04-28,PREMIUM
110,Katie Hoover,jessica99@example.net,2025-08-23,PREMIUM
111,Jill Washington,andrea86@example.com,2026-08-02,REGULAR
112,Colin Terry,xhall@example.com,2024-09-10,VIP
113,John Mcintyre,qhughes@example.net,2024-12-04,PREMIUM
114,Andrew Shaw MD,sawyerscott@example.net,2026-07-16,REGULAR
115,Nathan Ortiz,charlesharrington@example.com,2025-04-27,REGULAR
116,Jennifer Miller,melissa86@example.com,2025-12-07,REGULAR
117,Olivia Brennan,williamsonjimmy@example.net,2026-07-24,PREMIUM
118,Darren Davis,hodgesjane@example.org,2025-07-18,REGULAR
119,Elijah Johnson,laura45@example.com,2025-07-08,VIP
120,Joseph Knight,georgemiller@example.com,2025-12-02,VIP
121,Kathleen Aguilar,stevenking@example.com,2026-01-07,REGULAR
122,Robert Santana,charleslandry@example.net,2025-03-28,REGULAR
123,Jessica Wright,james67@example.org,2025-02-08,PREMIUM
124,Ian Phillips,andrew64@example.org,2025-10-21,PREMIUM
125,Paula Beltran,swall@example.org,2025-11-22,REGULAR
126,Colleen Lee,erica21@example.net,2025-12-23,PREMIUM
127,Richard Johnson,jessica14@example.com,2026-03-11,PREMIUM
128,Curtis Buchanan,alyssa42@example.com,2026-07-18,VIP
129,Karen Drake,linda71@example.org,2026-03-16,VIP
130,Shannon Ramsey,zcoffey@example.net,2025-05-19,PREMIUM
131,James Baker,gibsonemily@example.net,2025-02-27,PREMIUM
132,Samantha Bentley,leonardthomas@example.net,2026-06-25,REGULAR
133,Erin Bishop,reidsteven@example.net,2025-03-30,VIP
134,Audrey Williams,torrestravis@example.org,2025-02-06,PREMIUM
135,Brandy Chavez,umatthews@example.org,2026-06-26,VIP
136,Brett Burns,rcrosby@example.org,2026-01-26,VIP
137,Jeremy Sampson,cory58@example.net,2025-05-13,VIP
138,Donald Donaldson,ndavis@example.net,2025-12-17,REGULAR
139,Alison Buchanan,vanessabuchanan@example.org,2024-09-30,REGULAR
140,Kristen Willis,markhernandez@example.net,2024-08-10,REGULAR
141,William Huerta,lauren10@example.org,2024-08-19,VIP
142,Richard Chapman,thompsonbrian@example.net,2025-06-30,VIP
143,Nichole Alvarez,william17@example.net,2025-01-27,REGULAR
144,Amanda Logan,stephen00@example.com,2026-05-28,VIP
145,Michael Henry,fjones@example.com,2025-11-23,PREMIUM
146,Cameron Weber,oscar98@example.com,2025-07-26,REGULAR
147,Jessica Mcguire,farrelldebra@example.net,2026-02-18,PREMIUM
148,Jessica Beasley,dmorgan@example.com,2025-06-27,PREMIUM
149,Emily Edwards,nicholas27@example.org,2024-10-17,VIP
150,Anna Davis,lisa80@example.net,2025-10-18,PREMIUM
151,Meagan Jenkins,uparrish@example.org,2025-03-19,REGULAR
152,Heather Lane,ericolsonexample.org,2025-05-06,VIP
153,Holly Farmer,lindsaybruce@example.net,2025-11-27,REGULAR
154,Kristin Lynch,anthony44@example.com,2025-05-07,REGULAR
155,Sergio Knight,vjones@example.net,2024-08-31,REGULAR
156,Joseph Bennett,xpeterson@example.com,2026-02-19,REGULAR
157,Todd Carlson,moorekaren@example.org,2026-01-13,PREMIUM
158,Jeremy Coleman,nperry@example.net,2024-11-04,PREMIUM
159,Brian Gregory,trose@example.org,2025-01-26,VIP
160,Kyle Smith,sierra24@example.com,2025-04-19,VIP
161,Jonathan Jordan,omarpadilla@example.net,2025-10-15,VIP
162,Renee Jones,grahamsteve@example.org,2026-06-08,PREMIUM
163,Jeffrey Sullivan,zroberts@example.org,2025-04-17,REGULAR
164,Travis Stevens,christopher13@example.com,2025-11-08,REGULAR
165,Blake Harrell,jeffrey21@example.net,2025-12-12,REGULAR
166,Jordan Bullock,michael23@example.org,2024-11-29,REGULAR
167,Christopher Hernandez,thompsonkendra@example.com,2025-08-03,VIP
168,Olivia Cole,michelle52@example.com,2024-09-30,PREMIUM
169,Mark Hogan,bellcharles@example.com,2025-07-25,VIP
170,Jacob Mitchell,gilbertwilliam@example.com,2025-11-01,VIP
171,Rebecca Huang,kstout@example.net,2025-01-01,REGULAR
172,John Hernandez,hayeslisa@example.com,2026-02-13,PREMIUM
173,Matthew Williams,hritter@example.net,2025-11-24,REGULAR
174,Jake Campbell,rschroederexample.net,2024-09-17,REGULAR
175,Maria Jones,grantpaul@example.com,2026-02-21,PREMIUM
176,Tracey Morrison,mathewaguilar@example.org,2026-07-21,PREMIUM
177,Walter Hale,tanderson@example.org,2025-04-05,PREMIUM
178,Maria Murphy,elizabethcalderon@example.net,2026-01-22,REGULAR
179,Anna Santiago,andrew42@example.org,2025-04-30,VIP
180,Katelyn Perez,ericphillips@example.org,2025-09-06,VIP
181,Sandy Stephenson,stanleynancy@example.net,2024-11-17,PREMIUM
182,Brittany White,jenniferwilliams@example.com,2026-01-15,REGULAR
183,Tracy Bishop,pyoung@example.com,2026-04-28,REGULAR
184,Stephanie Lee,smurray@example.com,2025-09-02,REGULAR
185,Tracy Montoya,moniquewilliams@example.com,2026-06-17,REGULAR
186,Timothy Dawson,mitchellkathryn@example.com,2025-07-22,VIP
187,Brittany Kim,lisawilkerson@example.org,2025-06-26,VIP
188,Jonathan Young,brooksanthony@example.org,2026-05-21,PREMIUM
189,Gabriela Thomas,mitchellmaria@example.net,2026-05-15,VIP
190,Michael West,bullockandrew@example.org,2026-05-18,REGULAR
191,Todd Lynch,srodriguez@example.org,2025-03-29,REGULAR
192,David Fowler,fbrown@example.net,2025-09-28,REGULAR
193,Jose Allen,kellysmith@example.com,2025-02-10,PREMIUM
194,Chelsea Barnett,carlos88@example.net,2026-04-10,PREMIUM
195,Kristen Myers DDS,qzavala@example.net,2024-08-20,VIP
196,Austin Allen,ingramjill@example.com,2024-11-19,PREMIUM
197,Joshua Li,mariacohen@example.net,2025-08-14,VIP
198,Robin Brown,mjohnson@example.org,2026-04-14,REGULAR
199,Andrew Mahoney,ihays@example.com,2025-02-20,REGULAR
200,Matthew Mitchell,glennmartin@example.org,2026-04-20,PREMIUM
201,Steve Paul,lmorgan@example.com,2026-01-27,REGULAR
202,Tim Stone PhD,mmiller@example.org,2025-10-05,VIP
203,Brian Murphy,kirk96@example.org,2026-01-25,PREMIUM
204,Jeremy Acosta,christina64@example.net,2026-04-14,REGULAR
205,Angela Walsh,william20@example.org,2026-05-29,PREMIUM
206,Rachael Johnson,youngdeanna@example.com,2025-06-01,VIP
207,Amanda Hernandez,xrush@example.com,2026-03-23,VIP
208,Chad Richardson,debra31@example.org,2026-03-02,REGULAR
209,Joseph Mcintyre,greenjorge@example.com,2025-01-21,PREMIUM
210,Donna Hendricks DDS,taylorcharles@example.org,2026-07-07,PREMIUM
211,Yolanda Cochran,elizabeth18@example.net,2025-03-21,VIP
212,Sarah Joseph,laurahicks@example.org,2025-01-11,VIP
213,Cynthia Snyder,angela57@example.net,2024-11-16,PREMIUM
214,Angelica Parker,xfox@example.com,2026-05-09,VIP
215,Beth Stewart,coleerin@example.com,2024-11-15,VIP
216,Penny Bowman,katrinaanderson@example.net,2026-07-16,REGULAR
217,Sandra Holmes,fred53@example.com,2026-08-08,REGULAR
218,Diane Miller,cynthiapierce@example.org,2025-12-06,VIP
219,Joseph Shaw,brittanycarpenter@example.org,2026-01-01,VIP
220,Stephanie Morgan,bryananthony@example.org,2025-12-19,REGULAR
221,Deborah Clark,bmontgomery@example.com,2026-06-29,REGULAR
222,Donna Frye,zsanchez@example.net,2025-06-19,PREMIUM
223,Benjamin Brown,dperry@example.org,2025-04-29,VIP
224,Emily Higgins,theresa25@example.net,2025-10-18,VIP
225,David Martinez,gwright@example.org,2025-03-21,VIP
226,Sharon Barnes,lisapeck@example.net,2025-04-07,PREMIUM
227,Christopher Ferrell,tjimenez@example.com,2024-08-26,VIP
228,James Bryant,jasongomez@example.org,2025-03-14,REGULAR
229,Stephen Pena MD,booneryan@example.com,2026-02-24,VIP
230,Jamie Williams,hudsonjames@example.net,2025-03-20,VIP
231,Jonathan Duran,marcia99@example.org,2024-11-15,REGULAR
232,Jennifer Norton,angela52@example.org,2025-11-18,PREMIUM
233,Kathryn Williams,jenniferbrock@example.net,2025-07-28,REGULAR
234,Steven Taylor,francisco94@example.net,2025-04-26,REGULAR
235,Katrina Burns,thomas05@example.com,2026-01-13,VIP
236,Jason Parker,carlsonjoseph@example.net,2026-04-08,PREMIUM
237,Laura Perez,silvageorge@example.net,2026-02-19,PREMIUM
238,Sarah Hernandez,anthonyvaughan@example.org,2025-01-03,VIP
239,Erik Hernandez,roberthampton@example.com,2026-06-16,VIP
240,Monica Thornton,annbolton@example.com,2025-09-20,REGULAR
241,Tyler Stevens,amy49@example.com,2025-01-04,VIP
242,Diana Evans,kellie37@example.com,2025-08-15,PREMIUM
243,Timothy Pope,keith98@example.com,2026-07-04,REGULAR
244,Sabrina Blevins,kellyroberts@example.net,2024-10-08,REGULAR
245,Jeremy Scott,ilewis@example.com,2026-08-02,REGULAR
246,Denise Rodriguez,johnsantiago@example.net,2025-01-30,REGULAR
247,Amy Gutierrez,xgarcia@example.org,2024-08-12,VIP
248,Vanessa Moore,mwoods@example.com,2025-04-14,REGULAR
249,Anthony Mack,amandasharp@example.org,2026-07-18,VIP
250,Jennifer Monroe,osbornrandy@example.com,2024-12-30,VIP
251,Tonya Howe,smithashley@example.org,2026-07-30,PREMIUM
252,Mrs. Virginia Daniels,ismall@example.net,2025-08-06,REGULAR
253,Robert Rivera,twong@example.org,2024-08-18,REGULAR
254,Rachel Bradley,gregorychase@example.com,2026-05-12,REGULAR
255,Garrett Morales,lopezdonald@example.com,2026-08-04,REGULAR
256,Dean Young,stephanie49@example.net,2025-10-26,VIP
257,Matthew Schwartz,contrerassteven@example.org,2025-06-18,REGULAR
258,Tammy Barron,hannah45@example.net,2025-01-26,REGULAR
259,Casey Hernandez,robert87@example.net,2026-04-22,PREMIUM
260,Colleen Wright,foxallison@example.com,2024-10-07,VIP
261,Ashley Poole,ashleyhernandez@example.com,2026-06-02,PREMIUM
262,Audrey Harris,gdavis@example.com,2026-04-28,VIP
263,Carlos Perry,hansenemily@example.com,2026-02-20,PREMIUM
264,David Smith,bethwilliams@example.com,2026-02-03,VIP
265,Zachary Michael,andersenthomas@example.com,2025-06-21,REGULAR
266,Chad May,ybrooks@example.com,2026-06-14,PREMIUM
267,Jamie Miller,desireebailey@example.org,2025-09-29,REGULAR
268,Cameron Irwin,avilatiffany@example.com,2026-01-13,PREMIUM
269,Jessica Gray,johnreed@example.com,2025-01-01,VIP
270,Molly Rodriguez,bmendez@example.org,2025-01-15,REGULAR
271,Kirk Griffin,sanchezbradley@example.com,2025-02-06,REGULAR
272,Nicole Parsons,williamroberts@example.net,2025-10-29,REGULAR
273,Kyle Chambers,joel28@example.org,2025-06-25,PREMIUM
274,Antonio Fry,conniesimmons@example.com,2024-09-13,REGULAR
275,Teresa Powers,heather62@example.com,2025-05-27,REGULAR
276,Joshua Allen,kevinzimmerman@example.com,2026-07-19,REGULAR
277,Jason Butler,paulscott@example.com,2025-12-23,REGULAR
278,Jerry Watson,brettbennett@example.net,2025-11-19,PREMIUM
279,Benjamin Ballard,timothybooth@example.com,2025-03-31,PREMIUM
280,Alexis Giles,burgesskaren@example.org,2026-01-30,PREMIUM
281,Christine Herman,kimberly67@example.net,2025-12-24,VIP
282,Dennis Hunt,zowens@example.net,2025-08-07,REGULAR
283,Erica Harris,robert93@example.net,2024-11-29,VIP
284,Juan Silva,mphillips@example.com,2025-02-02,REGULAR
285,Roy Porter,jonathan77@example.com,2024-12-16,PREMIUM
286,Heather Taylor,iwhite@example.net,2024-09-22,PREMIUM
287,Sara Jones,duranrobert@example.net,2025-02-03,VIP
288,Chris Robinson,nbrooks@example.net,2026-01-07,VIP
289,Susan Hopkins,smithandrea@example.org,2024-08-20,PREMIUM
290,Denise Madden,shawheidi@example.com,2026-04-26,PREMIUM
291,Cassie Hull,johnharvey@example.com,2026-05-03,PREMIUM
292,Robert Miller,pstevens@example.net,2025-01-30,VIP
293,Ronald Miller,davisnicholas@example.net,2025-08-12,VIP
294,Adam Jackson,pbruce@example.com,2025-10-21,PREMIUM
295,Valerie Jacobson,hallrachel@example.net,2026-06-28,VIP
296,Denise Glass,rachel90@example.org,2026-07-30,PREMIUM
297,Alexis Clark,karenmarquez@example.com,2026-07-30,VIP
298,Christopher Allen,irhodes@example.com,2025-06-02,VIP
299,Brenda Hinton,masonterri@example.org,2024-10-22,PREMIUM
300,Ryan Peterson,unovak@example.org,2025-12-13,PREMIUM
301,Willie Henry,angela66@example.org,2026-01-17,REGULAR
302,Jamie Barton,lauren11@example.com,2024-12-05,PREMIUM
303,Richard Moore,gstewart@example.org,2024-08-12,PREMIUM
304,Jill Juarez,andersonjacob@example.com,2025-10-14,PREMIUM
305,Jennifer Johnson,angela99@example.com,2026-06-09,REGULAR
306,Edgar Hughes,hardyanita@example.org,2025-10-26,VIP
307,Melissa Jackson,kevin72@example.org,2024-12-15,PREMIUM
308,Jason Washington,wardsheryl@example.net,2025-12-06,REGULAR
309,Luis Ellis Jr.,rushmartin@example.net,2025-05-30,VIP
310,Erin Cook,kevinmorrison@example.net,2025-01-11,REGULAR
311,Christopher Sanders,kelly79@example.org,2025-04-18,REGULAR
312,Robert Long,frederickjames@example.net,2024-12-25,VIP
313,Krista Benton,nhahn@example.com,2026-04-19,REGULAR
314,Michael Fuentes,ichambers@example.net,2025-03-31,REGULAR
315,Matthew Espinoza,mjones@example.com,2025-11-03,REGULAR
316,Jonathon Knapp,ystephens@example.com,2026-02-03,PREMIUM
317,Kimberly Little,rodriguezjohn@example.net,2025-05-10,REGULAR
318,Lonnie Hart,vrasmussen@example.com,2024-10-29,VIP
319,David Dixon,seanmyers@example.net,2025-11-08,REGULAR
320,Brittany Cuevas,agarcia@example.org,2024-11-06,REGULAR
321,Monica Bailey,stanley38@example.com,2025-05-05,PREMIUM
322,Jeffrey Horton,carlos01@example.org,2026-05-29,PREMIUM
323,Brian Marsh,zacharyarnold@example.com,2025-10-16,VIP
324,Joel Salinas,jacobsandoval@example.com,2024-08-30,VIP
325,Sonya Cole,tprice@example.org,2025-01-14,VIP
326,Michael Flynn,lloydamanda@example.com,2025-04-18,VIP
327,Brian Lambert,orose@example.com,2025-11-14,VIP
328,James Wilson,megan92@example.net,2026-02-07,REGULAR
329,Tamara Lawrence,lawrenceallen@example.org,2024-12-28,VIP
330,Charles Price,baileyhenderson@example.com,2025-12-14,PREMIUM
331,Tamara Arias,angelaburns@example.org,2024-12-31,VIP
332,Jerry Brown,stephanie72@example.org,2026-05-03,VIP
333,Justin Delgado,acohen@example.net,2026-05-22,REGULAR
334,Christopher Cunningham,kellyhill@example.net,2025-03-20,PREMIUM
335,Jim Newton,hdunn@example.net,2024-11-04,PREMIUM
336,Joshua Ritter,wolfscott@example.org,2025-07-04,PREMIUM
337,Ronald Potter,nancy07@example.com,2025-05-05,PREMIUM
338,Angie Grimes,rowejoel@example.net,2025-11-07,VIP
339,Shannon Bishop,imartin@example.org,2026-05-01,PREMIUM
340,Anthony Bell,candice25@example.net,2025-03-23,VIP
341,Derek Hodge,taylorkaren@example.com,2026-07-22,PREMIUM
342,Donald Rios,johndawson@example.org,2026-03-22,VIP
343,Jenna Thomas,courtney67@example.org,2025-12-13,PREMIUM
344,Patricia Powell,heather57@example.com,2025-04-19,REGULAR
345,Sheila Boone,simonstephen@example.net,2026-01-31,PREMIUM
346,Arthur Ferguson,tammysummers@example.com,2025-03-04,PREMIUM
347,Drew Kelley,ashleewashington@example.com,2026-07-03,VIP
348,Amber Garcia,ksmith@example.com,2025-07-28,REGULAR
349,Tyler Harris,nicoleturner@example.com,2024-10-19,PREMIUM
350,Danielle Watson,brettgarrett@example.net,2026-02-02,REGULAR
351,Jessica Davis,smiththomas@example.org,2025-11-12,PREMIUM
352,Michael Smith,lisa62@example.com,2024-10-02,VIP
353,Brandon Shaffer,edwardsnicole@example.org,2025-06-01,PREMIUM
354,Nicole Anderson,caseyelliott@example.net,2025-12-25,VIP
355,Gregory Lewis,samanthajensen@example.com,2026-06-06,REGULAR
356,Steven Taylor,lawrencepatrick@example.com,2025-04-09,PREMIUM
357,Danielle Newman,angelagreene@example.net,2025-03-17,REGULAR
358,Melissa Abbott,jamie98@example.org,2026-03-11,VIP
359,Matthew Bowers,troyrodriguez@example.com,2025-12-16,PREMIUM
360,Kelsey Levine,sarah26@example.net,2025-06-30,REGULAR
361,Michael Farmer,smithcarlos@example.com,2025-01-22,PREMIUM
362,Antonio Mccormick,courtney86@example.com,2026-02-04,PREMIUM
363,Martin Medina,joshuacollins@example.net,2026-07-24,PREMIUM
364,Robert Herrera,wwillis@example.net,2026-01-18,VIP
365,Emily Kim,brianmiller@example.com,2024-11-06,VIP
366,Lee Parker,davidzimmerman@example.net,2024-08-16,PREMIUM
367,Troy Mills,gary24@example.net,2026-06-27,PREMIUM
368,Steven Rogers,enelson@example.com,2026-02-12,REGULAR
369,Lori Crawford,brian92@example.com,2024-12-08,REGULAR
370,Brian Berry,perezwilliam@example.org,2026-06-05,VIP
371,Dana Ruiz,lmora@example.org,2025-10-11,VIP
372,Michelle Rios,marcbutler@example.net,2025-04-13,REGULAR
373,Blake Watson,whitelinda@example.org,2025-06-15,PREMIUM
374,John Campbell,mark87@example.org,2025-05-21,VIP
375,Justin Torres,stevenvargas@example.com,2026-03-31,REGULAR
376,Morgan Payne,edwardrandolph@example.org,2025-02-04,PREMIUM
377,Makayla Steele,tapiaaaron@example.net,2025-05-27,REGULAR
378,Monica Garcia,robertwoodward@example.org,2026-02-11,VIP
379,Andrew Hall,xhaynes@example.com,2026-03-11,PREMIUM
380,Brendan Anderson,kjones@example.org,2025-07-11,REGULAR
381,Bianca Carter,sara65@example.com,2025-07-25,VIP
382,Benjamin Harris,moorefrank@example.com,2025-04-08,VIP
383,Joshua Oconnell,shannonford@example.org,2024-10-17,PREMIUM
384,Michael Mckenzie,lewismelissa@example.org,2024-10-17,REGULAR
385,Tracy Foster,byrdjorge@example.org,2024-09-01,PREMIUM
386,Sarah Hawkins,codygarcia@example.org,2024-11-10,PREMIUM
387,Ronald Haas,jamesmorales@example.net,2025-12-10,REGULAR
388,Angela Willis,johnsoncaleb@example.net,2025-07-18,PREMIUM
389,Anna Boone,david70@example.org,2026-07-26,REGULAR
390,Samantha Foster,reyesronald@example.com,2025-01-21,REGULAR
391,Denise Griffin,austinharvey@example.org,2025-12-23,VIP
392,Jason Pierce,millerpatrick@example.com,2025-01-09,REGULAR
393,Rebecca Wright,mayokimberly@example.com,2025-08-15,PREMIUM
394,Kari Durham,paul20@example.com,2025-11-14,REGULAR
395,Steven Osborne,stokesthomas@example.com,2026-03-26,PREMIUM
396,Crystal Moore,dianeadams@example.net,2024-09-20,VIP
397,Theresa Johnston,lkelly@example.org,2025-02-07,VIP
398,Renee Wolfe,warnermichael@example.net,2025-10-19,PREMIUM
399,Travis Copeland,lweaver@example.com,2024-09-06,VIP
400,David Robinson,nsmith@example.org,2026-04-26,PREMIUM
401,Mitchell Sellers,brian29@example.net,2026-07-21,REGULAR
402,Brian Fox,susan56@example.net,2024-10-25,VIP
403,Frank Daugherty,fconner@example.net,2025-04-11,REGULAR
404,Wayne Steele,jeffrey92@example.com,2025-04-03,PREMIUM
405,Elizabeth Thompson,rushstacy@example.com,2026-05-30,REGULAR
406,Traci Johnson DDS,daniellegarcia@example.com,2024-11-25,VIP
407,Blake Reed,gary15@example.com,2024-08-16,REGULAR
408,David Jones,kristin00@example.com,2025-07-14,VIP
409,Tracy Wilkerson,wmacias@example.net,2025-05-26,PREMIUM
410,John Shields,franciscojones@example.org,2025-03-25,PREMIUM
411,Dean Garcia,george62@example.net,2024-10-05,VIP
412,Stephanie Davis,bbush@example.net,2024-12-14,REGULAR
413,Jessica Brown,jamie36@example.net,2025-10-12,PREMIUM
414,Monica Baker,kenneth10@example.com,2025-10-26,VIP
415,Katherine Brown,pattersonkelly@example.net,2025-12-06,REGULAR
416,Christina Johnson,daniellerowland@example.com,2026-05-25,VIP
417,Richard Ruiz,christopher86@example.org,2025-05-23,REGULAR
418,Jaclyn Griffin,scott43@example.com,2025-10-20,REGULAR
419,Paul Contreras,barnettlindsey@example.com,2026-03-18,REGULAR
420,Kristen Randall,rsheppard@example.com,2025-10-26,VIP
421,Karen Miller,shawrachel@example.net,2026-01-16,VIP
422,Mrs. Tiffany Cole,teresastokes@example.org,2024-09-10,PREMIUM
423,William Graham,maryscott@example.net,2026-07-19,VIP
424,Angie Hawkins,melissa87@example.org,2026-04-10,PREMIUM
425,Laurie Harrington,perryeddie@example.net,2025-11-03,VIP
426,Teresa Buckley,floydmikayla@example.com,2026-06-20,PREMIUM
427,James Washington,rjohnson@example.com,2024-11-27,REGULAR
428,Melanie Morales,vpreston@example.net,2025-02-08,VIP
429,John Adams,andrew44@example.com,2026-05-24,PREMIUM
430,Michael Garcia PhD,kevinmanning@example.com,2025-03-05,REGULAR
431,Lisa Davis,alewis@example.net,2025-08-19,VIP
432,Sharon Nicholson,cameronmckinney@example.com,2024-11-21,REGULAR
433,Kelly Carroll,jameswhitaker@example.org,2025-02-17,VIP
434,Anthony Ward,joshuacolon@example.net,2025-06-12,VIP
435,Becky Johnson,tracy72@example.com,2025-11-06,REGULAR
436,Hailey Monroe,kaitlyn14@example.org,2025-06-04,VIP
437,Scott Chan,mercedesholland@example.net,2025-01-15,PREMIUM
438,Jason Smith,wellsdavid@example.org,2025-11-17,VIP
439,Courtney Franklin,jennifer46@example.com,2026-05-31,PREMIUM
440,David Owens,asilva@example.net,2026-01-04,PREMIUM
441,Sara Hoffman,kenneth17@example.org,2025-04-26,PREMIUM
442,Margaret Hensley MD,jacob83@example.org,2026-04-25,REGULAR
443,Rhonda Powell,erin07@example.com,2025-02-25,PREMIUM
444,Jennifer Doyle,matthewreeves@example.net,2025-09-27,PREMIUM
445,Karen Shepard,william28@example.org,2025-03-24,PREMIUM
446,Carl Green,staceylam@example.net,2024-10-16,VIP
447,Daniel Savage,vfrench@example.com,2025-02-26,REGULAR
448,Julie Wilson,delacruzbrandy@example.net,2024-10-02,PREMIUM
449,Cory Wilson,amoreno@example.org,2026-06-15,PREMIUM
450,Brenda Gonzalez,dbenitez@example.org,2025-04-10,REGULAR
451,Catherine Miller,crystal25@example.net,2024-09-22,VIP
452,Donald Juarez,barbaramoore@example.org,2024-11-16,REGULAR
453,Madeline Powell,creyes@example.net,2025-01-09,PREMIUM
454,Tiffany Mcclain,andrewsmith@example.net,2025-02-17,PREMIUM
455,Shawn Collins,reyesbrianna@example.org,2024-09-27,REGULAR
456,Elizabeth Carter,ryan25@example.com,2025-05-14,VIP
457,Carmen Meadows,osmith@example.net,2024-11-17,PREMIUM
458,Alex Wagner,richardsondebra@example.org,2025-05-26,VIP
459,Dawn Nichols,wheelerbrandon@example.org,2025-12-28,REGULAR
460,Amber Wilson,jjames@example.com,2025-08-11,VIP
461,Christine Jennings,turnerdorothy@example.net,2025-09-16,VIP
462,Larry Taylor,huntchristine@example.com,2024-11-04,VIP
463,Kathleen Lynch,marie35example.net,2025-06-22,PREMIUM
464,Andrew Crawford,haleycastillo@example.org,2024-08-10,REGULAR
465,Brandon Rodriguez,fhernandez@example.net,2024-10-05,REGULAR
466,Ashley Scott,stephenmadden@example.com,2025-08-03,REGULAR
467,Robert Sawyer,michael56@example.net,2024-11-06,VIP
468,Peter Williams,elizabethjackson@example.com,2026-07-03,VIP
469,Marco Johns,watsonmatthew@example.org,2025-06-15,PREMIUM
470,Jesus Houston,pmarsh@example.org,2024-11-03,REGULAR
471,Nicholas Jarvis,dalepruitt@example.com,2026-04-23,REGULAR
472,Jessica Carr,cheryl27@example.com,2024-11-03,VIP
473,Jessica Brown,alexander89@example.net,2025-10-20,REGULAR
474,Tyler Marks,reynoldsjessica@example.com,2025-05-03,PREMIUM
475,Margaret Hernandez,smithsarah@example.net,2026-05-29,PREMIUM
476,Jon Martin,vflores@example.com,2024-09-16,VIP
477,Krista Gray,christianwallace@example.net,2025-07-22,REGULAR
478,Jonathan Stewart,bmcgee@example.org,2025-06-17,PREMIUM
479,Justin Smith,connersylvia@example.net,2025-04-01,VIP
480,Kristina Pena,xclements@example.org,2026-05-04,PREMIUM
481,Jesse Castro,xmoran@example.net,2025-07-25,PREMIUM
482,Peter Walker,michael48@example.net,2025-05-25,PREMIUM
483,Amber Martin,lydianewton@example.com,2024-10-30,VIP
484,Craig Martinez,ylewis@example.org,2026-02-15,PREMIUM
485,Peter Williams,bartonshannon@example.net,2025-11-08,VIP
486,Brandy Porter,tranryan@example.net,2025-08-18,PREMIUM
487,Priscilla Kent,jessicaanderson@example.com,2025-12-31,PREMIUM
488,Sonya Gordon,mbarnes@example.net,2026-03-23,VIP
489,James Cooper,shawn22@example.com,2025-11-18,PREMIUM
490,Nicole Evans,jennifer83@example.org,2025-01-17,VIP
491,Donna Reed,tinasantos@example.org,2025-09-03,VIP
492,Mallory Page,anna99@example.net,2026-02-10,PREMIUM
493,Paul Skinner,natalie60@example.net,2024-10-29,REGULAR
494,Charles Santiago,josephfloyd@example.com,2026-01-20,VIP
495,Ryan Vaughn,james80@example.com,2026-05-02,REGULAR
496,Luis Lowe,juliahoffman@example.org,2025-09-08,PREMIUM
497,Rebecca Roberts,housepaul@example.net,2025-04-07,PREMIUM
498,Amy Manning,christinenormanexample.com,2026-05-14,REGULAR
499,Mark Mckinney,kari89@example.org,2026-04-02,VIP
500,Cheryl Cole,lopezglenn@example.net,2024-11-08,REGULAR
501,Jeffrey Hawkins,eugenesingleton@example.org,2025-04-21,PREMIUM
502,Timothy Williams,candice94@example.com,2026-04-13,VIP
503,Heather Bowers,alicia28@example.org,2026-04-10,REGULAR
504,Jennifer Herrera,baileynicole@example.net,2025-04-22,VIP
505,Edward Clements,wbarajas@example.net,2024-08-14,PREMIUM
506,Gregory Allen,susanfleming@example.com,2025-05-31,VIP
507,Theresa Cruz,angel85@example.net,2026-04-23,PREMIUM
508,Katelyn Phillips,lukemiller@example.org,2024-12-16,REGULAR
509,Patricia Ferguson,clarkcrystal@example.org,2026-06-10,REGULAR
510,Sara Harris,elucas@example.net,2026-01-22,PREMIUM
511,Joe Rivera,jonesgregory@example.com,2025-10-15,VIP
512,Roberto Bartlett,ohughes@example.com,2025-07-10,REGULAR
513,James Wilson,maychristine@example.net,2025-11-05,VIP
514,Ryan Howard,robertsgina@example.net,2024-10-14,PREMIUM
515,Timothy James,wellsamanda@example.org,2026-03-11,PREMIUM
516,Robert Gardner,kennetheaton@example.net,2025-12-24,REGULAR
517,Travis Spencer,davidsmith@example.net,2025-06-10,REGULAR
518,Theresa Torres,jason82@example.org,2024-12-28,PREMIUM
519,Ruben Lee,emilybradley@example.org,2026-05-31,REGULAR
520,Wanda Dunn,robertscarlos@example.org,2025-01-08,VIP
521,Katelyn Rivera,emilyyoung@example.com,2025-12-02,REGULAR
522,Corey Tucker,christina49@example.org,2025-10-21,REGULAR
523,Rhonda Benjamin,adamsanchez@example.org,2026-02-12,PREMIUM
524,Jessica Larsen,erinrivera@example.com,2025-08-02,REGULAR
525,Raymond Tucker,thompsoncatherine@example.com,2026-06-05,VIP
526,Stephanie Gonzalez,lunapatricia@example.net,2025-12-11,PREMIUM
527,Kevin Sullivan,rebeccaarnold@example.net,2026-07-03,PREMIUM
528,Mrs. Patricia Diaz MD,dennis88@example.org,2025-06-12,REGULAR
529,Adam Allen,katherinetaylor@example.org,2024-12-25,PREMIUM
530,Krystal Brennan,jillwebb@example.com,2024-09-08,VIP
531,John Brown,jim38@example.com,2025-06-05,REGULAR
532,Jesse Williams,dakota84@example.net,2025-02-28,PREMIUM
533,Laura Bennett,pdiaz@example.org,2025-09-13,PREMIUM
534,William Walker,wgomez@example.com,2026-04-15,PREMIUM
535,Mr. Jonathan Taylor,jerryrobertson@example.com,2025-01-19,PREMIUM
536,Christopher Guzman,guerrerorobert@example.com,2026-02-18,REGULAR
537,Michael Mendoza,deborahjenkins@example.org,2024-09-10,PREMIUM
538,Kevin Taylor,macdonalddylan@example.org,2025-02-24,PREMIUM
539,Kellie Sullivan,johnsjessica@example.com,2024-10-13,VIP
540,Lawrence Ruiz,ajackson@example.net,2024-11-26,VIP
541,Samantha White,gary57@example.net,2025-11-09,VIP
542,James Anderson,harrismichele@example.net,2026-01-21,REGULAR
543,Chase Davis,mvalenzuela@example.org,2026-06-20,VIP
544,Kathy Wilson,mhopkins@example.net,2026-05-12,REGULAR
545,Todd Gregory,xboyd@example.org,2026-01-31,VIP
546,Crystal Lang,zbell@example.net,2026-07-14,PREMIUM
547,Melissa Davis,jonathancannon@example.org,2025-03-16,REGULAR
548,Kimberly Scott,fletcherkristine@example.net,2025-09-17,PREMIUM
549,Adam Pena,robert12@example.com,2025-12-27,REGULAR
550,Deborah Herrera,cheryl63@example.com,2025-10-10,VIP
551,Karen Wood,tking@example.net,2025-05-02,VIP
552,Jennifer Taylor,adkinssean@example.net,2024-12-11,REGULAR
553,Jordan Hartman,martintamara@example.org,2026-04-24,VIP
554,Charles Frost,qdavis@example.org,2025-05-23,PREMIUM
555,Andrew Cruz,hmendez@example.com,2026-02-11,REGULAR
556,Amy Ayala,daniellegonzales@example.org,2026-05-30,VIP
557,Regina Mitchell,bowerswilliam@example.net,2025-02-03,PREMIUM
558,Megan Ward,cantrellchristopher@example.com,2026-04-05,PREMIUM
559,Michael Sullivan,aprilmclaughlin@example.org,2026-07-22,REGULAR
560,Duane Gallegos,michael43@example.net,2025-01-06,PREMIUM
