full_date,date_key,year,quarter,month,month_name,day,day_of_week,day_name,week_of_year,is_weekend
2010-12-22,20101222,2010,4,12,December,22,3,Wednesday,51,False
2010-12-23,20101223,2010,4,12,December,23,4,Thursday,51,False
2010-12-24,20101224,2010,4,12,December,24,5,Friday,51,False
2010-12-25,20101225,2010,4,12,December,25,6,Saturday,51,True
2010-12-26,20101226,2010,4,12,December,26,7,Sunday,51,True
2010-12-27,20101227,2010,4,12,December,27,1,Monday,52,False
2010-12-28,20101228,2010,4,12,December,28,2,Tuesday,52,False
2010-12-29,20101229,2010,4,12,December,29,3,Wednesday,52,False
2010-12-30,20101230,2010,4,12,December,30,4,Thursday,52,False
2010-12-31,20101231,2010,4,12,December,31,5,Friday,52,False
2011-01-01,20110101,2011,1,1,January,1,6,Saturday,52,True
2011-01-02,20110102,2011,1,1,January,2,7,Sunday,52,True
2011-01-03,20110103,2011,1,1,January,3,1,Monday,1,False
2011-01-04,20110104,2011,1,1,January,4,2,Tuesday,1,False
2011-01-05,20110105,2011,1,1,January,5,3,Wednesday,1,False
2011-01-06,20110106,2011,1,1,January,6,4,Thursday,1,False
2011-01-07,20110107,2011,1,1,January,7,5,Friday,1,False
2011-01-08,20110108,2011,1,1,January,8,6,Saturday,1,True
2011-01-09,20110109,2011,1,1,January,9,7,Sunday,1,True
2011-01-10,20110110,2011,1,1,January,10,1,Monday,2,False
2011-01-11,20110111,2011,1,1,January,11,2,Tuesday,2,False
2011-01-12,20110112,2011,1,1,January,12,3,Wednesday,2,False
2011-01-13,20110113,2011,1,1,January,13,4,Thursday,2,False
2011-01-14,20110114,2011,1,1,January,14,5,Friday,2,False
2011-01-15,20110115,2011,1,1,January,15,6,Saturday,2,True
2011-01-16,20110116,2011,1,1,January,16,7,Sunday,2,True
2011-01-17,20110117,2011,1,1,January,17,1,Monday,3,False
2011-01-18,20110118,2011,1,1,January,18,2,Tuesday,3,False
2011-01-19,20110119,2011,1,1,January,19,3,Wednesday,3,False
2011-01-20,20110120,2011,1,1,January,20,4,Thursday,3,False
2011-01-21,20110121,2011,1,1,January,21,5,Friday,3,False
2011-01-22,20110122,2011,1,1,January,22,6,Saturday,3,True
2011-01-23,20110123,2011,1,1,January,23,7,Sunday,3,True
2011-01-24,20110124,2011,1,1,January,24,1,Monday,4,False
2011-01-25,20110125,2011,1,1,January,25,2,Tuesday,4,False
2011-01-26,20110126,2011,1,1,January,26,3,Wednesday,4,False
2011-01-27,20110127,2011,1,1,January,27,4,Thursday,4,False
2011-01-28,20110128,2011,1,1,January,28,5,Friday,4,False
2011-01-29,20110129,2011,1,1,January,29,6,Saturday,4,True
2011-01-30,20110130,2011,1,1,January,30,7,Sunday,4,True
2011-01-31,20110131,2011,1,1,January,31,1,Monday,5,False
2011-02-01,20110201,2011,1,2,February,1,2,Tuesday,5,False
2011-02-02,20110202,2011,1,2,February,2,3,Wednesday,5,False
2011-02-03,20110203,2011,1,2,February,3,4,Thursday,5,False
2011-02-04,20110204,2011,1,2,February,4,5,Friday,5,False
2011-02-05,20110205,2011,1,2,February,5,6,Saturday,5,True
2011-02-06,20110206,2011,1,2,February,6,7,Sunday,5,True
2011-02-07,20110207,2011,1,2,February,7,1,Monday,6,False
2011-02-08,20110208,2011,1,2,February,8,2,Tuesday,6,False
2011-02-09,20110209,2011,1,2,February,9,3,Wednesday,6,False
2011-02-10,20110210,2011,1,2,February,10,4,Thursday,6,False
2011-02-11,20110211,2011,1,2,February,11,5,Friday,6,False
2011-02-12,20110212,2011,1,2,February,12,6,Saturday,6,True
2011-02-13,20110213,2011,1,2,February,13,7,Sunday,6,True
2011-02-14,20110214,2011,1,2,February,14,1,Monday,7,False
2011-02-15,20110215,2011,1,2,February,15,2,Tuesday,7,False
2011-02-16,20110216,2011,1,2,February,16,3,Wednesday,7,False
2011-02-17,20110217,2011,1,2,February,17,4,Thursday,7,False
2011-02-18,20110218,2011,1,2,February,18,5,Friday,7,False
2011-02-19,20110219,2011,1,2,February,19,6,Saturday,7,True
2011-02-20,20110220,2011,1,2,February,20,7,Sunday,7,True
2011-02-21,20110221,2011,1,2,February,21,1,Monday,8,False
2011-02-22,20110222,2011,1,2,February,22,2,Tuesday,8,False
2011-02-23,20110223,2011,1,2,February,23,3,Wednesday,8,False
2011-02-24,20110224,2011,1,2,February,24,4,Thursday,8,False
2011-02-25,20110225,2011,1,2,February,25,5,Friday,8,False
2011-02-26,20110226,2011,1,2,February,26,6,Saturday,8,True
2011-02-27,20110227,2011,1,2,February,27,7,Sunday,8,True
2011-02-28,20110228,2011,1,2,February,28,1,Monday,9,False
2011-03-01,20110301,2011,1,3,March,1,2,Tuesday,9,False
2011-03-02,20110302,2011,1,3,March,2,3,Wednesday,9,False
2011-03-03,20110303,2011,1,3,March,3,4,Thursday,9,False
2011-03-04,20110304,2011,1,3,March,4,5,Friday,9,False
2011-03-05,20110305,2011,1,3,March,5,6,Saturday,9,True
2011-03-06,20110306,2011,1,3,March,6,7,Sunday,9,True
2011-03-07,20110307,2011,1,3,March,7,1,Monday,10,False
2011-03-08,20110308,2011,1,3,March,8,2,Tuesday,10,False
2011-03-09,20110309,2011,1,3,March,9,3,Wednesday,10,False
2011-03-10,20110310,2011,1,3,March,10,4,Thursday,10,False
2011-03-11,20110311,2011,1,3,March,11,5,Friday,10,False
2011-03-12,20110312,2011,1,3,March,12,6,Saturday,10,True
2011-03-13,20110313,2011,1,3,March,13,7,Sunday,10,True
2011-03-14,20110314,2011,1,3,March,14,1,Monday,11,False
2011-03-15,20110315,2011,1,3,March,15,2,Tuesday,11,False
2011-03-16,20110316,2011,1,3,March,16,3,Wednesday,11,False
2011-03-17,20110317,2011,1,3,March,17,4,Thursday,11,False
2011-03-18,20110318,2011,1,3,March,18,5,Friday,11,False
2011-03-19,20110319,2011,1,3,March,19,6,Saturday,11,True
2011-03-20,20110320,2011,1,3,March,20,7,Sunday,11,True
2011-03-21,20110321,2011,1,3,March,21,1,Monday,12,False
2011-03-22,20110322,2011,1,3,March,22,2,Tuesday,12,False
2011-03-23,20110323,2011,1,3,March,23,3,Wednesday,12,False
2011-03-24,20110324,2011,1,3,March,24,4,Thursday,12,False
2011-03-25,20110325,2011,1,3,March,25,5,Friday,12,False
2011-03-26,20110326,2011,1,3,March,26,6,Saturday,12,True
2011-03-27,20110327,2011,1,3,March,27,7,Sunday,12,True
2011-03-28,20110328,2011,1,3,March,28,1,Monday,13,False
2011-03-29,20110329,2011,1,3,March,29,2,Tuesday,13,False
2011-03-30,20110330,2011,1,3,March,30,3,Wednesday,13,False
2011-03-31,20110331,2011,1,3,March,31,4,Thursday,13,False
2011-04-01,20110401,2011,2,4,April,1,5,Friday,13,False
2011-04-02,20110402,2011,2,4,April,2,6,Saturday,13,True
2011-04-03,20110403,2011,2,4,April,3,7,Sunday,13,True
2011-04-04,20110404,2011,2,4,April,4,1,Monday,14,False
2011-04-05,20110405,2011,2,4,April,5,2,Tuesday,14,False
2011-04-06,20110406,2011,2,4,April,6,3,Wednesday,14,False
2011-04-07,20110407,2011,2,4,April,7,4,Thursday,14,False
2011-04-08,20110408,2011,2,4,April,8,5,Friday,14,False
2011-04-09,20110409,2011,2,4,April,9,6,Saturday,14,True
2011-04-10,20110410,2011,2,4,April,10,7,Sunday,14,True
2011-04-11,20110411,2011,2,4,April,11,1,Monday,15,False
2011-04-12,20110412,2011,2,4,April,12,2,Tuesday,15,False
2011-04-13,20110413,2011,2,4,April,13,3,Wednesday,15,False
2011-04-14,20110414,2011,2,4,April,14,4,Thursday,15,False
2011-04-15,20110415,2011,2,4,April,15,5,Friday,15,False
2011-04-16,20110416,2011,2,4,April,16,6,Saturday,15,True
2011-04-17,20110417,2011,2,4,April,17,7,Sunday,15,True
2011-04-18,20110418,2011,2,4,April,18,1,Monday,16,False
2011-04-19,20110419,2011,2,4,April,19,2,Tuesday,16,False
2011-04-20,20110420,2011,2,4,April,20,3,Wednesday,16,False
2011-04-21,20110421,2011,2,4,April,21,4,Thursday,16,False
2011-04-22,20110422,2011,2,4,April,22,5,Friday,16,False
2011-04-23,20110423,2011,2,4,April,23,6,Saturday,16,True
2011-04-24,20110424,2011,2,4,April,24,7,Sunday,16,True
2011-04-25,20110425,2011,2,4,April,25,1,Monday,17,False
2011-04-26,20110426,2011,2,4,April,26,2,Tuesday,17,False
2011-04-27,20110427,2011,2,4,April,27,3,Wednesday,17,False
2011-04-28,20110428,2011,2,4,April,28,4,Thursday,17,False
2011-04-29,20110429,2011,2,4,April,29,5,Friday,17,False
2011-04-30,20110430,2011,2,4,April,30,6,Saturday,17,True
2011-05-01,20110501,2011,2,5,May,1,7,Sunday,17,True
2011-05-02,20110502,2011,2,5,May,2,1,Monday,18,False
2011-05-03,20110503,2011,2,5,May,3,2,Tuesday,18,False
2011-05-04,20110504,2011,2,5,May,4,3,Wednesday,18,False
2011-05-05,20110505,2011,2,5,May,5,4,Thursday,18,False
2011-05-06,20110506,2011,2,5,May,6,5,Friday,18,False
2011-05-07,20110507,2011,2,5,May,7,6,Saturday,18,True
2011-05-08,20110508,2011,2,5,May,8,7,Sunday,18,True
2011-05-09,20110509,2011,2,5,May,9,1,Monday,19,False
2011-05-10,20110510,2011,2,5,May,10,2,Tuesday,19,False
2011-05-11,20110511,2011,2,5,May,11,3,Wednesday,19,False
2011-05-12,20110512,2011,2,5,May,12,4,Thursday,19,False
2011-05-13,20110513,2011,2,5,May,13,5,Friday,19,False
2011-05-14,20110514,2011,2,5,May,14,6,Saturday,19,True
2011-05-15,20110515,2011,2,5,May,15,7,Sunday,19,True
2011-05-16,20110516,2011,2,5,May,16,1,Monday,20,False
2011-05-17,20110517,2011,2,5,May,17,2,Tuesday,20,False
2011-05-18,20110518,2011,2,5,May,18,3,Wednesday,20,False
2011-05-19,20110519,2011,2,5,May,19,4,Thursday,20,False
2011-05-20,20110520,2011,2,5,May,20,5,Friday,20,False
2011-05-21,20110521,2011,2,5,May,21,6,Saturday,20,True
2011-05-22,20110522,2011,2,5,May,22,7,Sunday,20,True
2011-05-23,20110523,2011,2,5,May,23,1,Monday,21,False
2011-05-24,20110524,2011,2,5,May,24,2,Tuesday,21,False
2011-05-25,20110525,2011,2,5,May,25,3,Wednesday,21,False
2011-05-26,20110526,2011,2,5,May,26,4,Thursday,21,False
2011-05-27,20110527,2011,2,5,May,27,5,Friday,21,False
2011-05-28,20110528,2011,2,5,May,28,6,Saturday,21,True
2011-05-29,20110529,2011,2,5,May,29,7,Sunday,21,True
2011-05-30,20110530,2011,2,5,May,30,1,Monday,22,False
2011-05-31,20110531,2011,2,5,May,31,2,Tuesday,22,False
2011-06-01,20110601,2011,2,6,June,1,3,Wednesday,22,False
2011-06-02,20110602,2011,2,6,June,2,4,Thursday,22,False
2011-06-03,20110603,2011,2,6,June,3,5,Friday,22,False
2011-06-04,20110604,2011,2,6,June,4,6,Saturday,22,True
2011-06-05,20110605,2011,2,6,June,5,7,Sunday,22,True
2011-06-06,20110606,2011,2,6,June,6,1,Monday,23,False
2011-06-07,20110607,2011,2,6,June,7,2,Tuesday,23,False
2011-06-08,20110608,2011,2,6,June,8,3,Wednesday,23,False
2011-06-09,20110609,2011,2,6,June,9,4,Thursday,23,False
2011-06-10,20110610,2011,2,6,June,10,5,Friday,23,False
2011-06-11,20110611,2011,2,6,June,11,6,Saturday,23,True
2011-06-12,20110612,2011,2,6,June,12,7,Sunday,23,True
2011-06-13,20110613,2011,2,6,June,13,1,Monday,24,False
2011-06-14,20110614,2011,2,6,June,14,2,Tuesday,24,False
2011-06-15,20110615,2011,2,6,June,15,3,Wednesday,24,False
2011-06-16,20110616,2011,2,6,June,16,4,Thursday,24,False
2011-06-17,20110617,2011,2,6,June,17,5,Friday,24,False
2011-06-18,20110618,2011,2,6,June,18,6,Saturday,24,True
2011-06-19,20110619,2011,2,6,June,19,7,Sunday,24,True
2011-06-20,20110620,2011,2,6,June,20,1,Monday,25,False
2011-06-21,20110621,2011,2,6,June,21,2,Tuesday,25,False
2011-06-22,20110622,2011,2,6,June,22,3,Wednesday,25,False
2011-06-23,20110623,2011,2,6,June,23,4,Thursday,25,False
2011-06-24,20110624,2011,2,6,June,24,5,Friday,25,False
2011-06-25,20110625,2011,2,6,June,25,6,Saturday,25,True
2011-06-26,20110626,2011,2,6,June,26,7,Sunday,25,True
2011-06-27,20110627,2011,2,6,June,27,1,Monday,26,False
2011-06-28,20110628,2011,2,6,June,28,2,Tuesday,26,False
2011-06-29,20110629,2011,2,6,June,29,3,Wednesday,26,False
2011-06-30,20110630,2011,2,6,June,30,4,Thursday,26,False
2011-07-01,20110701,2011,3,7,July,1,5,Friday,26,False
2011-07-02,20110702,2011,3,7,July,2,6,Saturday,26,True
2011-07-03,20110703,2011,3,7,July,3,7,Sunday,26,True
2011-07-04,20110704,2011,3,7,July,4,1,Monday,27,False
2011-07-05,20110705,2011,3,7,July,5,2,Tuesday,27,False
2011-07-06,20110706,2011,3,7,July,6,3,Wednesday,27,False
2011-07-07,20110707,2011,3,7,July,7,4,Thursday,27,False
2011-07-08,20110708,2011,3,7,July,8,5,Friday,27,False
2011-07-09,20110709,2011,3,7,July,9,6,Saturday,27,True
2011-07-10,20110710,2011,3,7,July,10,7,Sunday,27,True
2011-07-11,20110711,2011,3,7,July,11,1,Monday,28,False
2011-07-12,20110712,2011,3,7,July,12,2,Tuesday,28,False
2011-07-13,20110713,2011,3,7,July,13,3,Wednesday,28,False
2011-07-14,20110714,2011,3,7,July,14,4,Thursday,28,False
2011-07-15,20110715,2011,3,7,July,15,5,Friday,28,False
2011-07-16,20110716,2011,3,7,July,16,6,Saturday,28,True
2011-07-17,20110717,2011,3,7,July,17,7,Sunday,28,True
2011-07-18,20110718,2011,3,7,July,18,1,Monday,29,False
2011-07-19,20110719,2011,3,7,July,19,2,Tuesday,29,False
2011-07-20,20110720,2011,3,7,July,20,3,Wednesday,29,False
2011-07-21,20110721,2011,3,7,July,21,4,Thursday,29,False
2011-07-22,20110722,2011,3,7,July,22,5,Friday,29,False
2011-07-23,20110723,2011,3,7,July,23,6,Saturday,29,True
2011-07-24,20110724,2011,3,7,July,24,7,Sunday,29,True
2011-07-25,20110725,2011,3,7,July,25,1,Monday,30,False
2011-07-26,20110726,2011,3,7,July,26,2,Tuesday,30,False
2011-07-27,20110727,2011,3,7,July,27,3,Wednesday,30,False
2011-07-28,20110728,2011,3,7,July,28,4,Thursday,30,False
2011-07-29,20110729,2011,3,7,July,29,5,Friday,30,False
2011-07-30,20110730,2011,3,7,July,30,6,Saturday,30,True
2011-07-31,20110731,2011,3,7,July,31,7,Sunday,30,True
2011-08-01,20110801,2011,3,8,August,1,1,Monday,31,False
2011-08-02,20110802,2011,3,8,August,2,2,Tuesday,31,False
2011-08-03,20110803,2011,3,8,August,3,3,Wednesday,31,False
2011-08-04,20110804,2011,3,8,August,4,4,Thursday,31,False
2011-08-05,20110805,2011,3,8,August,5,5,Friday,31,False
2011-08-06,20110806,2011,3,8,August,6,6,Saturday,31,True
2011-08-07,20110807,2011,3,8,August,7,7,Sunday,31,True
2011-08-08,20110808,2011,3,8,August,8,1,Monday,32,False
2011-08-09,20110809,2011,3,8,August,9,2,Tuesday,32,False
2011-08-10,20110810,2011,3,8,August,10,3,Wednesday,32,False
2011-08-11,20110811,2011,3,8,August,11,4,Thursday,32,False
2011-08-12,20110812,2011,3,8,August,12,5,Friday,32,False
2011-08-13,20110813,2011,3,8,August,13,6,Saturday,32,True
2011-08-14,20110814,2011,3,8,August,14,7,Sunday,32,True
2011-08-15,20110815,2011,3,8,August,15,1,Monday,33,False
2011-08-16,20110816,2011,3,8,August,16,2,Tuesday,33,False
2011-08-17,20110817,2011,3,8,August,17,3,Wednesday,33,False
2011-08-18,20110818,2011,3,8,August,18,4,Thursday,33,False
2011-08-19,20110819,2011,3,8,August,19,5,Friday,33,False
2011-08-20,20110820,2011,3,8,August,20,6,Saturday,33,True
2011-08-21,20110821,2011,3,8,August,21,7,Sunday,33,True
2011-08-22,20110822,2011,3,8,August,22,1,Monday,34,False
2011-08-23,20110823,2011,3,8,August,23,2,Tuesday,34,False
2011-08-24,20110824,2011,3,8,August,24,3,Wednesday,34,False
2011-08-25,20110825,2011,3,8,August,25,4,Thursday,34,False
2011-08-26,20110826,2011,3,8,August,26,5,Friday,34,False
2011-08-27,20110827,2011,3,8,August,27,6,Saturday,34,True
2011-08-28,20110828,2011,3,8,August,28,7,Sunday,34,True
2011-08-29,20110829,2011,3,8,August,29,1,Monday,35,False
2011-08-30,20110830,2011,3,8,August,30,2,Tuesday,35,False
2011-08-31,20110831,2011,3,8,August,31,3,Wednesday,35,False
2011-09-01,20110901,2011,3,9,September,1,4,Thursday,35,False
2011-09-02,20110902,2011,3,9,September,2,5,Friday,35,False
2011-09-03,20110903,2011,3,9,September,3,6,Saturday,35,True
2011-09-04,20110904,2011,3,9,September,4,7,Sunday,35,True
2011-09-05,20110905,2011,3,9,September,5,1,Monday,36,False
2011-09-06,20110906,2011,3,9,September,6,2,Tuesday,36,False
2011-09-07,20110907,2011,3,9,September,7,3,Wednesday,36,False
2011-09-08,20110908,2011,3,9,September,8,4,Thursday,36,False
2011-09-09,20110909,2011,3,9,September,9,5,Friday,36,False
2011-09-10,20110910,2011,3,9,September,10,6,Saturday,36,True
2011-09-11,20110911,2011,3,9,September,11,7,Sunday,36,True
2011-09-12,20110912,2011,3,9,September,12,1,Monday,37,False
2011-09-13,20110913,2011,3,9,September,13,2,Tuesday,37,False
2011-09-14,20110914,2011,3,9,September,14,3,Wednesday,37,False
2011-09-15,20110915,2011,3,9,September,15,4,Thursday,37,False
2011-09-16,20110916,2011,3,9,September,16,5,Friday,37,False
2011-09-17,20110917,2011,3,9,September,17,6,Saturday,37,True
2011-09-18,20110918,2011,3,9,September,18,7,Sunday,37,True
2011-09-19,20110919,2011,3,9,September,19,1,Monday,38,False
2011-09-20,20110920,2011,3,9,September,20,2,Tuesday,38,False
2011-09-21,20110921,2011,3,9,September,21,3,Wednesday,38,False
2011-09-22,20110922,2011,3,9,September,22,4,Thursday,38,False
2011-09-23,20110923,2011,3,9,September,23,5,Friday,38,False
2011-09-24,20110924,2011,3,9,September,24,6,Saturday,38,True
2011-09-25,20110925,2011,3,9,September,25,7,Sunday,38,True
2011-09-26,20110926,2011,3,9,September,26,1,Monday,39,False
2011-09-27,20110927,2011,3,9,September,27,2,Tuesday,39,False
2011-09-28,20110928,2011,3,9,September,28,3,Wednesday,39,False
2011-09-29,20110929,2011,3,9,September,29,4,Thursday,39,False
2011-09-30,20110930,2011,3,9,September,30,5,Friday,39,False
2011-10-01,20111001,2011,4,10,October,1,6,Saturday,39,True
2011-10-02,20111002,2011,4,10,October,2,7,Sunday,39,True
2011-10-03,20111003,2011,4,10,October,3,1,Monday,40,False
2011-10-04,20111004,2011,4,10,October,4,2,Tuesday,40,False
2011-10-05,20111005,2011,4,10,October,5,3,Wednesday,40,False
2011-10-06,20111006,2011,4,10,October,6,4,Thursday,40,False
2011-10-07,20111007,2011,4,10,October,7,5,Friday,40,False
2011-10-08,20111008,2011,4,10,October,8,6,Saturday,40,True
2011-10-09,20111009,2011,4,10,October,9,7,Sunday,40,True
2011-10-10,20111010,2011,4,10,October,10,1,Monday,41,False
2011-10-11,20111011,2011,4,10,October,11,2,Tuesday,41,False
2011-10-12,20111012,2011,4,10,October,12,3,Wednesday,41,False
2011-10-13,20111013,2011,4,10,October,13,4,Thursday,41,False
2011-10-14,20111014,2011,4,10,October,14,5,Friday,41,False
2011-10-15,20111015,2011,4,10,October,15,6,Saturday,41,True
2011-10-16,20111016,2011,4,10,October,16,7,Sunday,41,True
2011-10-17,20111017,2011,4,10,October,17,1,Monday,42,False
2011-10-18,20111018,2011,4,10,October,18,2,Tuesday,42,False
2011-10-19,20111019,2011,4,10,October,19,3,Wednesday,42,False
2011-10-20,20111020,2011,4,10,October,20,4,Thursday,42,False
2011-10-21,20111021,2011,4,10,October,21,5,Friday,42,False
2011-10-22,20111022,2011,4,10,October,22,6,Saturday,42,True
2011-10-23,20111023,2011,4,10,October,23,7,Sunday,42,True
2011-10-24,20111024,2011,4,10,October,24,1,Monday,43,False
2011-10-25,20111025,2011,4,10,October,25,2,Tuesday,43,False
2011-10-26,20111026,2011,4,10,October,26,3,Wednesday,43,False
2011-10-27,20111027,2011,4,10,October,27,4,Thursday,43,False
2011-10-28,20111028,2011,4,10,October,28,5,Friday,43,False
2011-10-29,20111029,2011,4,10,October,29,6,Saturday,43,True
2011-10-30,20111030,2011,4,10,October,30,7,Sunday,43,True
2011-10-31,20111031,2011,4,10,October,31,1,Monday,44,False
2011-11-01,20111101,2011,4,11,November,1,2,Tuesday,44,False
2011-11-02,20111102,2011,4,11,November,2,3,Wednesday,44,False
2011-11-03,20111103,2011,4,11,November,3,4,Thursday,44,False
2011-11-04,20111104,2011,4,11,November,4,5,Friday,44,False
2011-11-05,20111105,2011,4,11,November,5,6,Saturday,44,True
2011-11-06,20111106,2011,4,11,November,6,7,Sunday,44,True
2011-11-07,20111107,2011,4,11,November,7,1,Monday,45,False
2011-11-08,20111108,2011,4,11,November,8,2,Tuesday,45,False
2011-11-09,20111109,2011,4,11,November,9,3,Wednesday,45,False
2011-11-10,20111110,2011,4,11,November,10,4,Thursday,45,False
2011-11-11,20111111,2011,4,11,November,11,5,Friday,45,False
2011-11-12,20111112,2011,4,11,November,12,6,Saturday,45,True
2011-11-13,20111113,2011,4,11,November,13,7,Sunday,45,True
2011-11-14,20111114,2011,4,11,November,14,1,Monday,46,False
2011-11-15,20111115,2011,4,11,November,15,2,Tuesday,46,False
2011-11-16,20111116,2011,4,11,November,16,3,Wednesday,46,False
2011-11-17,20111117,2011,4,11,November,17,4,Thursday,46,False
2011-11-18,20111118,2011,4,11,November,18,5,Friday,46,False
2011-11-19,20111119,2011,4,11,November,19,6,Saturday,46,True
2011-11-20,20111120,2011,4,11,November,20,7,Sunday,46,True
2011-11-21,20111121,2011,4,11,November,21,1,Monday,47,False
2011-11-22,20111122,2011,4,11,November,22,2,Tuesday,47,False
2011-11-23,20111123,2011,4,11,November,23,3,Wednesday,47,False
2011-11-24,20111124,2011,4,11,November,24,4,Thursday,47,False
2011-11-25,20111125,2011,4,11,November,25,5,Friday,47,False
2011-11-26,20111126,2011,4,11,November,26,6,Saturday,47,True
2011-11-27,20111127,2011,4,11,November,27,7,Sunday,47,True
2011-11-28,20111128,2011,4,11,November,28,1,Monday,48,False
2011-11-29,20111129,2011,4,11,November,29,2,Tuesday,48,False
2011-11-30,20111130,2011,4,11,November,30,3,Wednesday,48,False
2011-12-01,20111201,2011,4,12,December,1,4,Thursday,48,False
2011-12-02,20111202,2011,4,12,December,2,5,Friday,48,False
2011-12-03,20111203,2011,4,12,December,3,6,Saturday,48,True
2011-12-04,20111204,2011,4,12,December,4,7,Sunday,48,True
2011-12-05,20111205,2011,4,12,December,5,1,Monday,49,False
2011-12-06,20111206,2011,4,12,December,6,2,Tuesday,49,False
2011-12-07,20111207,2011,4,12,December,7,3,Wednesday,49,False
2011-12-08,20111208,2011,4,12,December,8,4,Thursday,49,False
2011-12-09,20111209,2011,4,12,December,9,5,Friday,49,False
2011-12-10,20111210,2011,4,12,December,10,6,Saturday,49,True
2011-12-11,20111211,2011,4,12,December,11,7,Sunday,49,True
2011-12-12,20111212,2011,4,12,December,12,1,Monday,50,False
2011-12-13,20111213,2011,4,12,December,13,2,Tuesday,50,False
2011-12-14,20111214,2011,4,12,December,14,3,Wednesday,50,False
2011-12-15,20111215,2011,4,12,December,15,4,Thursday,50,False
2011-12-16,20111216,2011,4,12,December,16,5,Friday,50,False
2011-12-17,20111217,2011,4,12,December,17,6,Saturday,50,True
2011-12-18,20111218,2011,4,12,December,18,7,Sunday,50,True
2011-12-19,20111219,2011,4,12,December,19,1,Monday,51,False
2011-12-20,20111220,2011,4,12,December,20,2,Tuesday,51,False
2011-12-21,20111221,2011,4,12,December,21,3,Wednesday,51,False
2011-12-22,20111222,2011,4,12,December,22,4,Thursday,51,False
2011-12-23,20111223,2011,4,12,December,23,5,Friday,51,False
2011-12-24,20111224,2011,4,12,December,24,6,Saturday,51,True
2011-12-25,20111225,2011,4,12,December,25,7,Sunday,51,True
2011-12-26,20111226,2011,4,12,December,26,1,Monday,52,False
2011-12-27,20111227,2011,4,12,December,27,2,Tuesday,52,False
2011-12-28,20111228,2011,4,12,December,28,3,Wednesday,52,False
2011-12-29,20111229,2011,4,12,December,29,4,Thursday,52,False
2011-12-30,20111230,2011,4,12,December,30,5,Friday,52,False
2011-12-31,20111231,2011,4,12,December,31,6,Saturday,52,True
2012-01-01,20120101,2012,1,1,January,1,7,Sunday,52,True
2012-01-02,20120102,2012,1,1,January,2,1,Monday,1,False
2012-01-03,20120103,2012,1,1,January,3,2,Tuesday,1,False
2012-01-04,20120104,2012,1,1,January,4,3,Wednesday,1,False
2012-01-05,20120105,2012,1,1,January,5,4,Thursday,1,False
2012-01-06,20120106,2012,1,1,January,6,5,Friday,1,False
2012-01-07,20120107,2012,1,1,January,7,6,Saturday,1,True
2012-01-08,20120108,2012,1,1,January,8,7,Sunday,1,True
2012-01-09,20120109,2012,1,1,January,9,1,Monday,2,False
2012-01-10,20120110,2012,1,1,January,10,2,Tuesday,2,False
2012-01-11,20120111,2012,1,1,January,11,3,Wednesday,2,False
2012-01-12,20120112,2012,1,1,January,12,4,Thursday,2,False
2012-01-13,20120113,2012,1,1,January,13,5,Friday,2,False
2012-01-14,20120114,2012,1,1,January,14,6,Saturday,2,True
2012-01-15,20120115,2012,1,1,January,15,7,Sunday,2,True
2012-01-16,20120116,2012,1,1,January,16,1,Monday,3,False
2012-01-17,20120117,2012,1,1,January,17,2,Tuesday,3,False
2012-01-18,20120118,2012,1,1,January,18,3,Wednesday,3,False
2012-01-19,20120119,2012,1,1,January,19,4,Thursday,3,False
2012-01-20,20120120,2012,1,1,January,20,5,Friday,3,False
2012-01-21,20120121,2012,1,1,January,21,6,Saturday,3,True
2012-01-22,20120122,2012,1,1,January,22,7,Sunday,3,True
2012-01-23,20120123,2012,1,1,January,23,1,Monday,4,False
2012-01-24,20120124,2012,1,1,January,24,2,Tuesday,4,False
2012-01-25,20120125,2012,1,1,January,25,3,Wednesday,4,False
2012-01-26,20120126,2012,1,1,January,26,4,Thursday,4,False
2012-01-27,20120127,2012,1,1,January,27,5,Friday,4,False
2012-01-28,20120128,2012,1,1,January,28,6,Saturday,4,True
2012-01-29,20120129,2012,1,1,January,29,7,Sunday,4,True
2012-01-30,20120130,2012,1,1,January,30,1,Monday,5,False
2012-01-31,20120131,2012,1,1,January,31,2,Tuesday,5,False
2012-02-01,20120201,2012,1,2,February,1,3,Wednesday,5,False
2012-02-02,20120202,2012,1,2,February,2,4,Thursday,5,False
2012-02-03,20120203,2012,1,2,February,3,5,Friday,5,False
2012-02-04,20120204,2012,1,2,February,4,6,Saturday,5,True
2012-02-05,20120205,2012,1,2,February,5,7,Sunday,5,True
2012-02-06,20120206,2012,1,2,February,6,1,Monday,6,False
2012-02-07,20120207,2012,1,2,February,7,2,Tuesday,6,False
2012-02-08,20120208,2012,1,2,February,8,3,Wednesday,6,False
2012-02-09,20120209,2012,1,2,February,9,4,Thursday,6,False
2012-02-10,20120210,2012,1,2,February,10,5,Friday,6,False
2012-02-11,20120211,2012,1,2,February,11,6,Saturday,6,True
2012-02-12,20120212,2012,1,2,February,12,7,Sunday,6,True
2012-02-13,20120213,2012,1,2,February,13,1,Monday,7,False
2012-02-14,20120214,2012,1,2,February,14,2,Tuesday,7,False
2012-02-15,20120215,2012,1,2,February,15,3,Wednesday,7,False
2012-02-16,20120216,2012,1,2,February,16,4,Thursday,7,False
2012-02-17,20120217,2012,1,2,February,17,5,Friday,7,False
2012-02-18,20120218,2012,1,2,February,18,6,Saturday,7,True
2012-02-19,20120219,2012,1,2,February,19,7,Sunday,7,True
2012-02-20,20120220,2012,1,2,February,20,1,Monday,8,False
2012-02-21,20120221,2012,1,2,February,21,2,Tuesday,8,False
2012-02-22,20120222,2012,1,2,February,22,3,Wednesday,8,False
2012-02-23,20120223,2012,1,2,February,23,4,Thursday,8,False
2012-02-24,20120224,2012,1,2,February,24,5,Friday,8,False
2012-02-25,20120225,2012,1,2,February,25,6,Saturday,8,True
2012-02-26,20120226,2012,1,2,February,26,7,Sunday,8,True
2012-02-27,20120227,2012,1,2,February,27,1,Monday,9,False
2012-02-28,20120228,2012,1,2,February,28,2,Tuesday,9,False
2012-02-29,20120229,2012,1,2,February,29,3,Wednesday,9,False
2012-03-01,20120301,2012,1,3,March,1,4,Thursday,9,False
2012-03-02,20120302,2012,1,3,March,2,5,Friday,9,False
2012-03-03,20120303,2012,1,3,March,3,6,Saturday,9,True
2012-03-04,20120304,2012,1,3,March,4,7,Sunday,9,True
2012-03-05,20120305,2012,1,3,March,5,1,Monday,10,False
2012-03-06,20120306,2012,1,3,March,6,2,Tuesday,10,False
2012-03-07,20120307,2012,1,3,March,7,3,Wednesday,10,False
2012-03-08,20120308,2012,1,3,March,8,4,Thursday,10,False
2012-03-09,20120309,2012,1,3,March,9,5,Friday,10,False
2012-03-10,20120310,2012,1,3,March,10,6,Saturday,10,True
2012-03-11,20120311,2012,1,3,March,11,7,Sunday,10,True
2012-03-12,20120312,2012,1,3,March,12,1,Monday,11,False
2012-03-13,20120313,2012,1,3,March,13,2,Tuesday,11,False
2012-03-14,20120314,2012,1,3,March,14,3,Wednesday,11,False
2012-03-15,20120315,2012,1,3,March,15,4,Thursday,11,False
2012-03-16,20120316,2012,1,3,March,16,5,Friday,11,False
2012-03-17,20120317,2012,1,3,March,17,6,Saturday,11,True
2012-03-18,20120318,2012,1,3,March,18,7,Sunday,11,True
2012-03-19,20120319,2012,1,3,March,19,1,Monday,12,False
2012-03-20,20120320,2012,1,3,March,20,2,Tuesday,12,False
2012-03-21,20120321,2012,1,3,March,21,3,Wednesday,12,False
2012-03-22,20120322,2012,1,3,March,22,4,Thursday,12,False
2012-03-23,20120323,2012,1,3,March,23,5,Friday,12,False
2012-03-24,20120324,2012,1,3,March,24,6,Saturday,12,True
2012-03-25,20120325,2012,1,3,March,25,7,Sunday,12,True
2012-03-26,20120326,2012,1,3,March,26,1,Monday,13,False
2012-03-27,20120327,2012,1,3,March,27,2,Tuesday,13,False
2012-03-28,20120328,2012,1,3,March,28,3,Wednesday,13,False
2012-03-29,20120329,2012,1,3,March,29,4,Thursday,13,False
2012-03-30,20120330,2012,1,3,March,30,5,Friday,13,False
2012-03-31,20120331,2012,1,3,March,31,6,Saturday,13,True
2012-04-01,20120401,2012,2,4,April,1,7,Sunday,13,True
2012-04-02,20120402,2012,2,4,April,2,1,Monday,14,False
2012-04-03,20120403,2012,2,4,April,3,2,Tuesday,14,False
2012-04-04,20120404,2012,2,4,April,4,3,Wednesday,14,False
2012-04-05,20120405,2012,2,4,April,5,4,Thursday,14,False
2012-04-06,20120406,2012,2,4,April,6,5,Friday,14,False
2012-04-07,20120407,2012,2,4,April,7,6,Saturday,14,True
2012-04-08,20120408,2012,2,4,April,8,7,Sunday,14,True
2012-04-09,20120409,2012,2,4,April,9,1,Monday,15,False
2012-04-10,20120410,2012,2,4,April,10,2,Tuesday,15,False
2012-04-11,20120411,2012,2,4,April,11,3,Wednesday,15,False
2012-04-12,20120412,2012,2,4,April,12,4,Thursday,15,False
2012-04-13,20120413,2012,2,4,April,13,5,Friday,15,False
2012-04-14,20120414,2012,2,4,April,14,6,Saturday,15,True
2012-04-15,20120415,2012,2,4,April,15,7,Sunday,15,True
2012-04-16,20120416,2012,2,4,April,16,1,Monday,16,False
2012-04-17,20120417,2012,2,4,April,17,2,Tuesday,16,False
2012-04-18,20120418,2012,2,4,April,18,3,Wednesday,16,False
2012-04-19,20120419,2012,2,4,April,19,4,Thursday,16,False
2012-04-20,20120420,2012,2,4,April,20,5,Friday,16,False
2012-04-21,20120421,2012,2,4,April,21,6,Saturday,16,True
2012-04-22,20120422,2012,2,4,April,22,7,Sunday,16,True
2012-04-23,20120423,2012,2,4,April,23,1,Monday,17,False
2012-04-24,20120424,2012,2,4,April,24,2,Tuesday,17,False
2012-04-25,20120425,2012,2,4,April,25,3,Wednesday,17,False
2012-04-26,20120426,2012,2,4,April,26,4,Thursday,17,False
2012-04-27,20120427,2012,2,4,April,27,5,Friday,17,False
2012-04-28,20120428,2012,2,4,April,28,6,Saturday,17,True
2012-04-29,20120429,2012,2,4,April,29,7,Sunday,17,True
2012-04-30,20120430,2012,2,4,April,30,1,Monday,18,False
2012-05-01,20120501,2012,2,5,May,1,2,Tuesday,18,False
2012-05-02,20120502,2012,2,5,May,2,3,Wednesday,18,False
2012-05-03,20120503,2012,2,5,May,3,4,Thursday,18,False
2012-05-04,20120504,2012,2,5,May,4,5,Friday,18,False
2012-05-05,20120505,2012,2,5,May,5,6,Saturday,18,True
2012-05-06,20120506,2012,2,5,May,6,7,Sunday,18,True
2012-05-07,20120507,2012,2,5,May,7,1,Monday,19,False
2012-05-08,20120508,2012,2,5,May,8,2,Tuesday,19,False
2012-05-09,20120509,2012,2,5,May,9,3,Wednesday,19,False
2012-05-10,20120510,2012,2,5,May,10,4,Thursday,19,False
2012-05-11,20120511,2012,2,5,May,11,5,Friday,19,False
2012-05-12,20120512,2012,2,5,May,12,6,Saturday,19,True
2012-05-13,20120513,2012,2,5,May,13,7,Sunday,19,True
2012-05-14,20120514,2012,2,5,May,14,1,Monday,20,False
2012-05-15,20120515,2012,2,5,May,15,2,Tuesday,20,False
2012-05-16,20120516,2012,2,5,May,16,3,Wednesday,20,False
2012-05-17,20120517,2012,2,5,May,17,4,Thursday,20,False
2012-05-18,20120518,2012,2,5,May,18,5,Friday,20,False
2012-05-19,20120519,2012,2,5,May,19,6,Saturday,20,True
2012-05-20,20120520,2012,2,5,May,20,7,Sunday,20,True
2012-05-21,20120521,2012,2,5,May,21,1,Monday,21,False
2012-05-22,20120522,2012,2,5,May,22,2,Tuesday,21,False
2012-05-23,20120523,2012,2,5,May,23,3,Wednesday,21,False
2012-05-24,20120524,2012,2,5,May,24,4,Thursday,21,False
2012-05-25,20120525,2012,2,5,May,25,5,Friday,21,False
2012-05-26,20120526,2012,2,5,May,26,6,Saturday,21,True
2012-05-27,20120527,2012,2,5,May,27,7,Sunday,21,True
2012-05-28,20120528,2012,2,5,May,28,1,Monday,22,False
2012-05-29,20120529,2012,2,5,May,29,2,Tuesday,22,False
2012-05-30,20120530,2012,2,5,May,30,3,Wednesday,22,False
2012-05-31,20120531,2012,2,5,May,31,4,Thursday,22,False
2012-06-01,20120601,2012,2,6,June,1,5,Friday,22,False
2012-06-02,20120602,2012,2,6,June,2,6,Saturday,22,True
2012-06-03,20120603,2012,2,6,June,3,7,Sunday,22,True
2012-06-04,20120604,2012,2,6,June,4,1,Monday,23,False
2012-06-05,20120605,2012,2,6,June,5,2,Tuesday,23,False
2012-06-06,20120606,2012,2,6,June,6,3,Wednesday,23,False
2012-06-07,20120607,2012,2,6,June,7,4,Thursday,23,False
2012-06-08,20120608,2012,2,6,June,8,5,Friday,23,False
2012-06-09,20120609,2012,2,6,June,9,6,Saturday,23,True
2012-06-10,20120610,2012,2,6,June,10,7,Sunday,23,True
2012-06-11,20120611,2012,2,6,June,11,1,Monday,24,False
2012-06-12,20120612,2012,2,6,June,12,2,Tuesday,24,False
2012-06-13,20120613,2012,2,6,June,13,3,Wednesday,24,False
2012-06-14,20120614,2012,2,6,June,14,4,Thursday,24,False
2012-06-15,20120615,2012,2,6,June,15,5,Friday,24,False
2012-06-16,20120616,2012,2,6,June,16,6,Saturday,24,True
2012-06-17,20120617,2012,2,6,June,17,7,Sunday,24,True
2012-06-18,20120618,2012,2,6,June,18,1,Monday,25,False
2012-06-19,20120619,2012,2,6,June,19,2,Tuesday,25,False
2012-06-20,20120620,2012,2,6,June,20,3,Wednesday,25,False
2012-06-21,20120621,2012,2,6,June,21,4,Thursday,25,False
2012-06-22,20120622,2012,2,6,June,22,5,Friday,25,False
2012-06-23,20120623,2012,2,6,June,23,6,Saturday,25,True
2012-06-24,20120624,2012,2,6,June,24,7,Sunday,25,True
2012-06-25,20120625,2012,2,6,June,25,1,Monday,26,False
2012-06-26,20120626,2012,2,6,June,26,2,Tuesday,26,False
2012-06-27,20120627,2012,2,6,June,27,3,Wednesday,26,False
2012-06-28,20120628,2012,2,6,June,28,4,Thursday,26,False
2012-06-29,20120629,2012,2,6,June,29,5,Friday,26,False
2012-06-30,20120630,2012,2,6,June,30,6,Saturday,26,True
2012-07-01,20120701,2012,3,7,July,1,7,Sunday,26,True
2012-07-02,20120702,2012,3,7,July,2,1,Monday,27,False
2012-07-03,20120703,2012,3,7,July,3,2,Tuesday,27,False
2012-07-04,20120704,2012,3,7,July,4,3,Wednesday,27,False
2012-07-05,20120705,2012,3,7,July,5,4,Thursday,27,False
2012-07-06,20120706,2012,3,7,July,6,5,Friday,27,False
2012-07-07,20120707,2012,3,7,July,7,6,Saturday,27,True
2012-07-08,20120708,2012,3,7,July,8,7,Sunday,27,True
2012-07-09,20120709,2012,3,7,July,9,1,Monday,28,False
2012-07-10,20120710,2012,3,7,July,10,2,Tuesday,28,False
2012-07-11,20120711,2012,3,7,July,11,3,Wednesday,28,False
2012-07-12,20120712,2012,3,7,July,12,4,Thursday,28,False
2012-07-13,20120713,2012,3,7,July,13,5,Friday,28,False
2012-07-14,20120714,2012,3,7,July,14,6,Saturday,28,True
2012-07-15,20120715,2012,3,7,July,15,7,Sunday,28,True
2012-07-16,20120716,2012,3,7,July,16,1,Monday,29,False
2012-07-17,20120717,2012,3,7,July,17,2,Tuesday,29,False
2012-07-18,20120718,2012,3,7,July,18,3,Wednesday,29,False
2012-07-19,20120719,2012,3,7,July,19,4,Thursday,29,False
2012-07-20,20120720,2012,3,7,July,20,5,Friday,29,False
2012-07-21,20120721,2012,3,7,July,21,6,Saturday,29,True
2012-07-22,20120722,2012,3,7,July,22,7,Sunday,29,True
2012-07-23,20120723,2012,3,7,July,23,1,Monday,30,False
2012-07-24,20120724,2012,3,7,July,24,2,Tuesday,30,False
2012-07-25,20120725,2012,3,7,July,25,3,Wednesday,30,False
2012-07-26,20120726,2012,3,7,July,26,4,Thursday,30,False
2012-07-27,20120727,2012,3,7,July,27,5,Friday,30,False
2012-07-28,20120728,2012,3,7,July,28,6,Saturday,30,True
2012-07-29,20120729,2012,3,7,July,29,7,Sunday,30,True
2012-07-30,20120730,2012,3,7,July,30,1,Monday,31,False
2012-07-31,20120731,2012,3,7,July,31,2,Tuesday,31,False
2012-08-01,20120801,2012,3,8,August,1,3,Wednesday,31,False
2012-08-02,20120802,2012,3,8,August,2,4,Thursday,31,False
2012-08-03,20120803,2012,3,8,August,3,5,Friday,31,False
2012-08-04,20120804,2012,3,8,August,4,6,Saturday,31,True
2012-08-05,20120805,2012,3,8,August,5,7,Sunday,31,True
2012-08-06,20120806,2012,3,8,August,6,1,Monday,32,False
2012-08-07,20120807,2012,3,8,August,7,2,Tuesday,32,False
2012-08-08,20120808,2012,3,8,August,8,3,Wednesday,32,False
2012-08-09,20120809,2012,3,8,August,9,4,Thursday,32,False
2012-08-10,20120810,2012,3,8,August,10,5,Friday,32,False
2012-08-11,20120811,2012,3,8,August,11,6,Saturday,32,True
2012-08-12,20120812,2012,3,8,August,12,7,Sunday,32,True
2012-08-13,20120813,2012,3,8,August,13,1,Monday,33,False
2012-08-14,20120814,2012,3,8,August,14,2,Tuesday,33,False
2012-08-15,20120815,2012,3,8,August,15,3,Wednesday,33,False
2012-08-16,20120816,2012,3,8,August,16,4,Thursday,33,False
2012-08-17,20120817,2012,3,8,August,17,5,Friday,33,False
2012-08-18,20120818,2012,3,8,August,18,6,Saturday,33,True
2012-08-19,20120819,2012,3,8,August,19,7,Sunday,33,True
2012-08-20,20120820,2012,3,8,August,20,1,Monday,34,False
2012-08-21,20120821,2012,3,8,August,21,2,Tuesday,34,False
2012-08-22,20120822,2012,3,8,August,22,3,Wednesday,34,False
2012-08-23,20120823,2012,3,8,August,23,4,Thursday,34,False
2012-08-24,20120824,2012,3,8,August,24,5,Friday,34,False
2012-08-25,20120825,2012,3,8,August,25,6,Saturday,34,True
2012-08-26,20120826,2012,3,8,August,26,7,Sunday,34,True
2012-08-27,20120827,2012,3,8,August,27,1,Monday,35,False
2012-08-28,20120828,2012,3,8,August,28,2,Tuesday,35,False
2012-08-29,20120829,2012,3,8,August,29,3,Wednesday,35,False
2012-08-30,20120830,2012,3,8,August,30,4,Thursday,35,False
2012-08-31,20120831,2012,3,8,August,31,5,Friday,35,False
2012-09-01,20120901,2012,3,9,September,1,6,Saturday,35,True
2012-09-02,20120902,2012,3,9,September,2,7,Sunday,35,True
2012-09-03,20120903,2012,3,9,September,3,1,Monday,36,False
2012-09-04,20120904,2012,3,9,September,4,2,Tuesday,36,False
2012-09-05,20120905,2012,3,9,September,5,3,Wednesday,36,False
2012-09-06,20120906,2012,3,9,September,6,4,Thursday,36,False
2012-09-07,20120907,2012,3,9,September,7,5,Friday,36,False
2012-09-08,20120908,2012,3,9,September,8,6,Saturday,36,True
2012-09-09,20120909,2012,3,9,September,9,7,Sunday,36,True
2012-09-10,20120910,2012,3,9,September,10,1,Monday,37,False
2012-09-11,20120911,2012,3,9,September,11,2,Tuesday,37,False
2012-09-12,20120912,2012,3,9,September,12,3,Wednesday,37,False
2012-09-13,20120913,2012,3,9,September,13,4,Thursday,37,False
2012-09-14,20120914,2012,3,9,September,14,5,Friday,37,False
2012-09-15,20120915,2012,3,9,September,15,6,Saturday,37,True
2012-09-16,20120916,2012,3,9,September,16,7,Sunday,37,True
2012-09-17,20120917,2012,3,9,September,17,1,Monday,38,False
2012-09-18,20120918,2012,3,9,September,18,2,Tuesday,38,False
2012-09-19,20120919,2012,3,9,September,19,3,Wednesday,38,False
2012-09-20,20120920,2012,3,9,September,20,4,Thursday,38,False
2012-09-21,20120921,2012,3,9,September,21,5,Friday,38,False
2012-09-22,20120922,2012,3,9,September,22,6,Saturday,38,True
2012-09-23,20120923,2012,3,9,September,23,7,Sunday,38,True
2012-09-24,20120924,2012,3,9,September,24,1,Monday,39,False
2012-09-25,20120925,2012,3,9,September,25,2,Tuesday,39,False
2012-09-26,20120926,2012,3,9,September,26,3,Wednesday,39,False
2012-09-27,20120927,2012,3,9,September,27,4,Thursday,39,False
2012-09-28,20120928,2012,3,9,September,28,5,Friday,39,False
2012-09-29,20120929,2012,3,9,September,29,6,Saturday,39,True
2012-09-30,20120930,2012,3,9,September,30,7,Sunday,39,True
2012-10-01,20121001,2012,4,10,October,1,1,Monday,40,False
2012-10-02,20121002,2012,4,10,October,2,2,Tuesday,40,False
2012-10-03,20121003,2012,4,10,October,3,3,Wednesday,40,False
2012-10-04,20121004,2012,4,10,October,4,4,Thursday,40,False
2012-10-05,20121005,2012,4,10,October,5,5,Friday,40,False
2012-10-06,20121006,2012,4,10,October,6,6,Saturday,40,True
2012-10-07,20121007,2012,4,10,October,7,7,Sunday,40,True
2012-10-08,20121008,2012,4,10,October,8,1,Monday,41,False
2012-10-09,20121009,2012,4,10,October,9,2,Tuesday,41,False
2012-10-10,20121010,2012,4,10,October,10,3,Wednesday,41,False
2012-10-11,20121011,2012,4,10,October,11,4,Thursday,41,False
2012-10-12,20121012,2012,4,10,October,12,5,Friday,41,False
2012-10-13,20121013,2012,4,10,October,13,6,Saturday,41,True
2012-10-14,20121014,2012,4,10,October,14,7,Sunday,41,True
2012-10-15,20121015,2012,4,10,October,15,1,Monday,42,False
2012-10-16,20121016,2012,4,10,October,16,2,Tuesday,42,False
2012-10-17,20121017,2012,4,10,October,17,3,Wednesday,42,False
2012-10-18,20121018,2012,4,10,October,18,4,Thursday,42,False
2012-10-19,20121019,2012,4,10,October,19,5,Friday,42,False
2012-10-20,20121020,2012,4,10,October,20,6,Saturday,42,True
2012-10-21,20121021,2012,4,10,October,21,7,Sunday,42,True
2012-10-22,20121022,2012,4,10,October,22,1,Monday,43,False
2012-10-23,20121023,2012,4,10,October,23,2,Tuesday,43,False
2012-10-24,20121024,2012,4,10,October,24,3,Wednesday,43,False
2012-10-25,20121025,2012,4,10,October,25,4,Thursday,43,False
2012-10-26,20121026,2012,4,10,October,26,5,Friday,43,False
2012-10-27,20121027,2012,4,10,October,27,6,Saturday,43,True
2012-10-28,20121028,2012,4,10,October,28,7,Sunday,43,True
2012-10-29,20121029,2012,4,10,October,29,1,Monday,44,False
2012-10-30,20121030,2012,4,10,October,30,2,Tuesday,44,False
2012-10-31,20121031,2012,4,10,October,31,3,Wednesday,44,False
2012-11-01,20121101,2012,4,11,November,1,4,Thursday,44,False
2012-11-02,20121102,2012,4,11,November,2,5,Friday,44,False
2012-11-03,20121103,2012,4,11,November,3,6,Saturday,44,True
2012-11-04,20121104,2012,4,11,November,4,7,Sunday,44,True
2012-11-05,20121105,2012,4,11,November,5,1,Monday,45,False
2012-11-06,20121106,2012,4,11,November,6,2,Tuesday,45,False
2012-11-07,20121107,2012,4,11,November,7,3,Wednesday,45,False
2012-11-08,20121108,2012,4,11,November,8,4,Thursday,45,False
2012-11-09,20121109,2012,4,11,November,9,5,Friday,45,False
2012-11-10,20121110,2012,4,11,November,10,6,Saturday,45,True
2012-11-11,20121111,2012,4,11,November,11,7,Sunday,45,True
2012-11-12,20121112,2012,4,11,November,12,1,Monday,46,False
2012-11-13,20121113,2012,4,11,November,13,2,Tuesday,46,False
2012-11-14,20121114,2012,4,11,November,14,3,Wednesday,46,False
2012-11-15,20121115,2012,4,11,November,15,4,Thursday,46,False
2012-11-16,20121116,2012,4,11,November,16,5,Friday,46,False
2012-11-17,20121117,2012,4,11,November,17,6,Saturday,46,True
2012-11-18,20121118,2012,4,11,November,18,7,Sunday,46,True
2012-11-19,20121119,2012,4,11,November,19,1,Monday,47,False
2012-11-20,20121120,2012,4,11,November,20,2,Tuesday,47,False
2012-11-21,20121121,2012,4,11,November,21,3,Wednesday,47,False
2012-11-22,20121122,2012,4,11,November,22,4,Thursday,47,False
2012-11-23,20121123,2012,4,11,November,23,5,Friday,47,False
2012-11-24,20121124,2012,4,11,November,24,6,Saturday,47,True
2012-11-25,20121125,2012,4,11,November,25,7,Sunday,47,True
2012-11-26,20121126,2012,4,11,November,26,1,Monday,48,False
2012-11-27,20121127,2012,4,11,November,27,2,Tuesday,48,False
2012-11-28,20121128,2012,4,11,November,28,3,Wednesday,48,False
2012-11-29,20121129,2012,4,11,November,29,4,Thursday,48,False
2012-11-30,20121130,2012,4,11,November,30,5,Friday,48,False
2012-12-01,20121201,2012,4,12,December,1,6,Saturday,48,True
2012-12-02,20121202,2012,4,12,December,2,7,Sunday,48,True
2012-12-03,20121203,2012,4,12,December,3,1,Monday,49,False
2012-12-04,20121204,2012,4,12,December,4,2,Tuesday,49,False
2012-12-05,20121205,2012,4,12,December,5,3,Wednesday,49,False
2012-12-06,20121206,2012,4,12,December,6,4,Thursday,49,False
2012-12-07,20121207,2012,4,12,December,7,5,Friday,49,False
2012-12-08,20121208,2012,4,12,December,8,6,Saturday,49,True
2012-12-09,20121209,2012,4,12,December,9,7,Sunday,49,True
2012-12-10,20121210,2012,4,12,December,10,1,Monday,50,False
2012-12-11,20121211,2012,4,12,December,11,2,Tuesday,50,False
2012-12-12,20121212,2012,4,12,December,12,3,Wednesday,50,False
2012-12-13,20121213,2012,4,12,December,13,4,Thursday,50,False
2012-12-14,20121214,2012,4,12,December,14,5,Friday,50,False
2012-12-15,20121215,2012,4,12,December,15,6,Saturday,50,True
2012-12-16,20121216,2012,4,12,December,16,7,Sunday,50,True
2012-12-17,20121217,2012,4,12,December,17,1,Monday,51,False
2012-12-18,20121218,2012,4,12,December,18,2,Tuesday,51,False
2012-12-19,20121219,2012,4,12,December,19,3,Wednesday,51,False
2012-12-20,20121220,2012,4,12,December,20,4,Thursday,51,False
2012-12-21,20121221,2012,4,12,December,21,5,Friday,51,False
2012-12-22,20121222,2012,4,12,December,22,6,Saturday,51,True
2012-12-23,20121223,2012,4,12,December,23,7,Sunday,51,True
2012-12-24,20121224,2012,4,12,December,24,1,Monday,52,False
2012-12-25,20121225,2012,4,12,December,25,2,Tuesday,52,False
2012-12-26,20121226,2012,4,12,December,26,3,Wednesday,52,False
2012-12-27,20121227,2012,4,12,December,27,4,Thursday,52,False
2012-12-28,20121228,2012,4,12,December,28,5,Friday,52,False
2012-12-29,20121229,2012,4,12,December,29,6,Saturday,52,True
2012-12-30,20121230,2012,4,12,December,30,7,Sunday,52,True
2012-12-31,20121231,2012,4,12,December,31,1,Monday,1,False
2013-01-01,20130101,2013,1,1,January,1,2,Tuesday,1,False
2013-01-02,20130102,2013,1,1,January,2,3,Wednesday,1,False
2013-01-03,20130103,2013,1,1,January,3,4,Thursday,1,False
2013-01-04,20130104,2013,1,1,January,4,5,Friday,1,False
2013-01-05,20130105,2013,1,1,January,5,6,Saturday,1,True
2013-01-06,20130106,2013,1,1,January,6,7,Sunday,1,True
2013-01-07,20130107,2013,1,1,January,7,1,Monday,2,False
2013-01-08,20130108,2013,1,1,January,8,2,Tuesday,2,False
2013-01-09,20130109,2013,1,1,January,9,3,Wednesday,2,False
2013-01-10,20130110,2013,1,1,January,10,4,Thursday,2,False
2013-01-11,20130111,2013,1,1,January,11,5,Friday,2,False
2013-01-12,20130112,2013,1,1,January,12,6,Saturday,2,True
2013-01-13,20130113,2013,1,1,January,13,7,Sunday,2,True
2013-01-14,20130114,2013,1,1,January,14,1,Monday,3,False
2013-01-15,20130115,2013,1,1,January,15,2,Tuesday,3,False
2013-01-16,20130116,2013,1,1,January,16,3,Wednesday,3,False
2013-01-17,20130117,2013,1,1,January,17,4,Thursday,3,False
2013-01-18,20130118,2013,1,1,January,18,5,Friday,3,False
2013-01-19,20130119,2013,1,1,January,19,6,Saturday,3,True
2013-01-20,20130120,2013,1,1,January,20,7,Sunday,3,True
2013-01-21,20130121,2013,1,1,January,21,1,Monday,4,False
2013-01-22,20130122,2013,1,1,January,22,2,Tuesday,4,False
2013-01-23,20130123,2013,1,1,January,23,3,Wednesday,4,False
2013-01-24,20130124,2013,1,1,January,24,4,Thursday,4,False
2013-01-25,20130125,2013,1,1,January,25,5,Friday,4,False
2013-01-26,20130126,2013,1,1,January,26,6,Saturday,4,True
2013-01-27,20130127,2013,1,1,January,27,7,Sunday,4,True
2013-01-28,20130128,2013,1,1,January,28,1,Monday,5,False
2013-01-29,20130129,2013,1,1,January,29,2,Tuesday,5,False
2013-01-30,20130130,2013,1,1,January,30,3,Wednesday,5,False
2013-01-31,20130131,2013,1,1,January,31,4,Thursday,5,False
2013-02-01,20130201,2013,1,2,February,1,5,Friday,5,False
2013-02-02,20130202,2013,1,2,February,2,6,Saturday,5,True
2013-02-03,20130203,2013,1,2,February,3,7,Sunday,5,True
2013-02-04,20130204,2013,1,2,February,4,1,Monday,6,False
2013-02-05,20130205,2013,1,2,February,5,2,Tuesday,6,False
2013-02-06,20130206,2013,1,2,February,6,3,Wednesday,6,False
2013-02-07,20130207,2013,1,2,February,7,4,Thursday,6,False
2013-02-08,20130208,2013,1,2,February,8,5,Friday,6,False
2013-02-09,20130209,2013,1,2,February,9,6,Saturday,6,True
2013-02-10,20130210,2013,1,2,February,10,7,Sunday,6,True
2013-02-11,20130211,2013,1,2,February,11,1,Monday,7,False
2013-02-12,20130212,2013,1,2,February,12,2,Tuesday,7,False
2013-02-13,20130213,2013,1,2,February,13,3,Wednesday,7,False
2013-02-14,20130214,2013,1,2,February,14,4,Thursday,7,False
2013-02-15,20130215,2013,1,2,February,15,5,Friday,7,False
2013-02-16,20130216,2013,1,2,February,16,6,Saturday,7,True
2013-02-17,20130217,2013,1,2,February,17,7,Sunday,7,True
2013-02-18,20130218,2013,1,2,February,18,1,Monday,8,False
2013-02-19,20130219,2013,1,2,February,19,2,Tuesday,8,False
2013-02-20,20130220,2013,1,2,February,20,3,Wednesday,8,False
2013-02-21,20130221,2013,1,2,February,21,4,Thursday,8,False
2013-02-22,20130222,2013,1,2,February,22,5,Friday,8,False
2013-02-23,20130223,2013,1,2,February,23,6,Saturday,8,True
2013-02-24,20130224,2013,1,2,February,24,7,Sunday,8,True
2013-02-25,20130225,2013,1,2,February,25,1,Monday,9,False
2013-02-26,20130226,2013,1,2,February,26,2,Tuesday,9,False
2013-02-27,20130227,2013,1,2,February,27,3,Wednesday,9,False
2013-02-28,20130228,2013,1,2,February,28,4,Thursday,9,False
2013-03-01,20130301,2013,1,3,March,1,5,Friday,9,False
2013-03-02,20130302,2013,1,3,March,2,6,Saturday,9,True
2013-03-03,20130303,2013,1,3,March,3,7,Sunday,9,True
2013-03-04,20130304,2013,1,3,March,4,1,Monday,10,False
2013-03-05,20130305,2013,1,3,March,5,2,Tuesday,10,False
2013-03-06,20130306,2013,1,3,March,6,3,Wednesday,10,False
2013-03-07,20130307,2013,1,3,March,7,4,Thursday,10,False
2013-03-08,20130308,2013,1,3,March,8,5,Friday,10,False
2013-03-09,20130309,2013,1,3,March,9,6,Saturday,10,True
2013-03-10,20130310,2013,1,3,March,10,7,Sunday,10,True
2013-03-11,20130311,2013,1,3,March,11,1,Monday,11,False
2013-03-12,20130312,2013,1,3,March,12,2,Tuesday,11,False
2013-03-13,20130313,2013,1,3,March,13,3,Wednesday,11,False
2013-03-14,20130314,2013,1,3,March,14,4,Thursday,11,False
2013-03-15,20130315,2013,1,3,March,15,5,Friday,11,False
2013-03-16,20130316,2013,1,3,March,16,6,Saturday,11,True
2013-03-17,20130317,2013,1,3,March,17,7,Sunday,11,True
2013-03-18,20130318,2013,1,3,March,18,1,Monday,12,False
2013-03-19,20130319,2013,1,3,March,19,2,Tuesday,12,False
2013-03-20,20130320,2013,1,3,March,20,3,Wednesday,12,False
2013-03-21,20130321,2013,1,3,March,21,4,Thursday,12,False
2013-03-22,20130322,2013,1,3,March,22,5,Friday,12,False
2013-03-23,20130323,2013,1,3,March,23,6,Saturday,12,True
2013-03-24,20130324,2013,1,3,March,24,7,Sunday,12,True
2013-03-25,20130325,2013,1,3,March,25,1,Monday,13,False
2013-03-26,20130326,2013,1,3,March,26,2,Tuesday,13,False
2013-03-27,20130327,2013,1,3,March,27,3,Wednesday,13,False
2013-03-28,20130328,2013,1,3,March,28,4,Thursday,13,False
2013-03-29,20130329,2013,1,3,March,29,5,Friday,13,False
2013-03-30,20130330,2013,1,3,March,30,6,Saturday,13,True
2013-03-31,20130331,2013,1,3,March,31,7,Sunday,13,True
2013-04-01,20130401,2013,2,4,April,1,1,Monday,14,False
2013-04-02,20130402,2013,2,4,April,2,2,Tuesday,14,False
2013-04-03,20130403,2013,2,4,April,3,3,Wednesday,14,False
2013-04-04,20130404,2013,2,4,April,4,4,Thursday,14,False
2013-04-05,20130405,2013,2,4,April,5,5,Friday,14,False
2013-04-06,20130406,2013,2,4,April,6,6,Saturday,14,True
2013-04-07,20130407,2013,2,4,April,7,7,Sunday,14,True
2013-04-08,20130408,2013,2,4,April,8,1,Monday,15,False
2013-04-09,20130409,2013,2,4,April,9,2,Tuesday,15,False
2013-04-10,20130410,2013,2,4,April,10,3,Wednesday,15,False
2013-04-11,20130411,2013,2,4,April,11,4,Thursday,15,False
2013-04-12,20130412,2013,2,4,April,12,5,Friday,15,False
2013-04-13,20130413,2013,2,4,April,13,6,Saturday,15,True
2013-04-14,20130414,2013,2,4,April,14,7,Sunday,15,True
2013-04-15,20130415,2013,2,4,April,15,1,Monday,16,False
2013-04-16,20130416,2013,2,4,April,16,2,Tuesday,16,False
2013-04-17,20130417,2013,2,4,April,17,3,Wednesday,16,False
2013-04-18,20130418,2013,2,4,April,18,4,Thursday,16,False
2013-04-19,20130419,2013,2,4,April,19,5,Friday,16,False
2013-04-20,20130420,2013,2,4,April,20,6,Saturday,16,True
2013-04-21,20130421,2013,2,4,April,21,7,Sunday,16,True
2013-04-22,20130422,2013,2,4,April,22,1,Monday,17,False
2013-04-23,20130423,2013,2,4,April,23,2,Tuesday,17,False
2013-04-24,20130424,2013,2,4,April,24,3,Wednesday,17,False
2013-04-25,20130425,2013,2,4,April,25,4,Thursday,17,False
2013-04-26,20130426,2013,2,4,April,26,5,Friday,17,False
2013-04-27,20130427,2013,2,4,April,27,6,Saturday,17,True
2013-04-28,20130428,2013,2,4,April,28,7,Sunday,17,True
2013-04-29,20130429,2013,2,4,April,29,1,Monday,18,False
2013-04-30,20130430,2013,2,4,April,30,2,Tuesday,18,False
2013-05-01,20130501,2013,2,5,May,1,3,Wednesday,18,False
2013-05-02,20130502,2013,2,5,May,2,4,Thursday,18,False
2013-05-03,20130503,2013,2,5,May,3,5,Friday,18,False
2013-05-04,20130504,2013,2,5,May,4,6,Saturday,18,True
2013-05-05,20130505,2013,2,5,May,5,7,Sunday,18,True
2013-05-06,20130506,2013,2,5,May,6,1,Monday,19,False
2013-05-07,20130507,2013,2,5,May,7,2,Tuesday,19,False
2013-05-08,20130508,2013,2,5,May,8,3,Wednesday,19,False
2013-05-09,20130509,2013,2,5,May,9,4,Thursday,19,False
2013-05-10,20130510,2013,2,5,May,10,5,Friday,19,False
2013-05-11,20130511,2013,2,5,May,11,6,Saturday,19,True
2013-05-12,20130512,2013,2,5,May,12,7,Sunday,19,True
2013-05-13,20130513,2013,2,5,May,13,1,Monday,20,False
2013-05-14,20130514,2013,2,5,May,14,2,Tuesday,20,False
2013-05-15,20130515,2013,2,5,May,15,3,Wednesday,20,False
2013-05-16,20130516,2013,2,5,May,16,4,Thursday,20,False
2013-05-17,20130517,2013,2,5,May,17,5,Friday,20,False
2013-05-18,20130518,2013,2,5,May,18,6,Saturday,20,True
2013-05-19,20130519,2013,2,5,May,19,7,Sunday,20,True
2013-05-20,20130520,2013,2,5,May,20,1,Monday,21,False
2013-05-21,20130521,2013,2,5,May,21,2,Tuesday,21,False
2013-05-22,20130522,2013,2,5,May,22,3,Wednesday,21,False
2013-05-23,20130523,2013,2,5,May,23,4,Thursday,21,False
2013-05-24,20130524,2013,2,5,May,24,5,Friday,21,False
2013-05-25,20130525,2013,2,5,May,25,6,Saturday,21,True
2013-05-26,20130526,2013,2,5,May,26,7,Sunday,21,True
2013-05-27,20130527,2013,2,5,May,27,1,Monday,22,False
2013-05-28,20130528,2013,2,5,May,28,2,Tuesday,22,False
2013-05-29,20130529,2013,2,5,May,29,3,Wednesday,22,False
2013-05-30,20130530,2013,2,5,May,30,4,Thursday,22,False
2013-05-31,20130531,2013,2,5,May,31,5,Friday,22,False
2013-06-01,20130601,2013,2,6,June,1,6,Saturday,22,True
2013-06-02,20130602,2013,2,6,June,2,7,Sunday,22,True
2013-06-03,20130603,2013,2,6,June,3,1,Monday,23,False
2013-06-04,20130604,2013,2,6,June,4,2,Tuesday,23,False
2013-06-05,20130605,2013,2,6,June,5,3,Wednesday,23,False
2013-06-06,20130606,2013,2,6,June,6,4,Thursday,23,False
2013-06-07,20130607,2013,2,6,June,7,5,Friday,23,False
2013-06-08,20130608,2013,2,6,June,8,6,Saturday,23,True
2013-06-09,20130609,2013,2,6,June,9,7,Sunday,23,True
2013-06-10,20130610,2013,2,6,June,10,1,Monday,24,False
2013-06-11,20130611,2013,2,6,June,11,2,Tuesday,24,False
2013-06-12,20130612,2013,2,6,June,12,3,Wednesday,24,False
2013-06-13,20130613,2013,2,6,June,13,4,Thursday,24,False
2013-06-14,20130614,2013,2,6,June,14,5,Friday,24,False
2013-06-15,20130615,2013,2,6,June,15,6,Saturday,24,True
2013-06-16,20130616,2013,2,6,June,16,7,Sunday,24,True
2013-06-17,20130617,2013,2,6,June,17,1,Monday,25,False
2013-06-18,20130618,2013,2,6,June,18,2,Tuesday,25,False
2013-06-19,20130619,2013,2,6,June,19,3,Wednesday,25,False
2013-06-20,20130620,2013,2,6,June,20,4,Thursday,25,False
2013-06-21,20130621,2013,2,6,June,21,5,Friday,25,False
2013-06-22,20130622,2013,2,6,June,22,6,Saturday,25,True
2013-06-23,20130623,2013,2,6,June,23,7,Sunday,25,True
2013-06-24,20130624,2013,2,6,June,24,1,Monday,26,False
2013-06-25,20130625,2013,2,6,June,25,2,Tuesday,26,False
2013-06-26,20130626,2013,2,6,June,26,3,Wednesday,26,False
2013-06-27,20130627,2013,2,6,June,27,4,Thursday,26,False
2013-06-28,20130628,2013,2,6,June,28,5,Friday,26,False
2013-06-29,20130629,2013,2,6,June,29,6,Saturday,26,True
2013-06-30,20130630,2013,2,6,June,30,7,Sunday,26,True
2013-07-01,20130701,2013,3,7,July,1,1,Monday,27,False
2013-07-02,20130702,2013,3,7,July,2,2,Tuesday,27,False
2013-07-03,20130703,2013,3,7,July,3,3,Wednesday,27,False
2013-07-04,20130704,2013,3,7,July,4,4,Thursday,27,False
2013-07-05,20130705,2013,3,7,July,5,5,Friday,27,False
2013-07-06,20130706,2013,3,7,July,6,6,Saturday,27,True
2013-07-07,20130707,2013,3,7,July,7,7,Sunday,27,True
2013-07-08,20130708,2013,3,7,July,8,1,Monday,28,False
2013-07-09,20130709,2013,3,7,July,9,2,Tuesday,28,False
2013-07-10,20130710,2013,3,7,July,10,3,Wednesday,28,False
2013-07-11,20130711,2013,3,7,July,11,4,Thursday,28,False
2013-07-12,20130712,2013,3,7,July,12,5,Friday,28,False
2013-07-13,20130713,2013,3,7,July,13,6,Saturday,28,True
2013-07-14,20130714,2013,3,7,July,14,7,Sunday,28,True
2013-07-15,20130715,2013,3,7,July,15,1,Monday,29,False
2013-07-16,20130716,2013,3,7,July,16,2,Tuesday,29,False
2013-07-17,20130717,2013,3,7,July,17,3,Wednesday,29,False
2013-07-18,20130718,2013,3,7,July,18,4,Thursday,29,False
2013-07-19,20130719,2013,3,7,July,19,5,Friday,29,False
2013-07-20,20130720,2013,3,7,July,20,6,Saturday,29,True
2013-07-21,20130721,2013,3,7,July,21,7,Sunday,29,True
2013-07-22,20130722,2013,3,7,July,22,1,Monday,30,False
2013-07-23,20130723,2013,3,7,July,23,2,Tuesday,30,False
2013-07-24,20130724,2013,3,7,July,24,3,Wednesday,30,False
2013-07-25,20130725,2013,3,7,July,25,4,Thursday,30,False
2013-07-26,20130726,2013,3,7,July,26,5,Friday,30,False
2013-07-27,20130727,2013,3,7,July,27,6,Saturday,30,True
2013-07-28,20130728,2013,3,7,July,28,7,Sunday,30,True
2013-07-29,20130729,2013,3,7,July,29,1,Monday,31,False
2013-07-30,20130730,2013,3,7,July,30,2,Tuesday,31,False
2013-07-31,20130731,2013,3,7,July,31,3,Wednesday,31,False
2013-08-01,20130801,2013,3,8,August,1,4,Thursday,31,False
2013-08-02,20130802,2013,3,8,August,2,5,Friday,31,False
2013-08-03,20130803,2013,3,8,August,3,6,Saturday,31,True
2013-08-04,20130804,2013,3,8,August,4,7,Sunday,31,True
2013-08-05,20130805,2013,3,8,August,5,1,Monday,32,False
2013-08-06,20130806,2013,3,8,August,6,2,Tuesday,32,False
2013-08-07,20130807,2013,3,8,August,7,3,Wednesday,32,False
2013-08-08,20130808,2013,3,8,August,8,4,Thursday,32,False
2013-08-09,20130809,2013,3,8,August,9,5,Friday,32,False
2013-08-10,20130810,2013,3,8,August,10,6,Saturday,32,True
2013-08-11,20130811,2013,3,8,August,11,7,Sunday,32,True
2013-08-12,20130812,2013,3,8,August,12,1,Monday,33,False
2013-08-13,20130813,2013,3,8,August,13,2,Tuesday,33,False
2013-08-14,20130814,2013,3,8,August,14,3,Wednesday,33,False
2013-08-15,20130815,2013,3,8,August,15,4,Thursday,33,False
2013-08-16,20130816,2013,3,8,August,16,5,Friday,33,False
2013-08-17,20130817,2013,3,8,August,17,6,Saturday,33,True
2013-08-18,20130818,2013,3,8,August,18,7,Sunday,33,True
2013-08-19,20130819,2013,3,8,August,19,1,Monday,34,False
2013-08-20,20130820,2013,3,8,August,20,2,Tuesday,34,False
2013-08-21,20130821,2013,3,8,August,21,3,Wednesday,34,False
2013-08-22,20130822,2013,3,8,August,22,4,Thursday,34,False
2013-08-23,20130823,2013,3,8,August,23,5,Friday,34,False
2013-08-24,20130824,2013,3,8,August,24,6,Saturday,34,True
2013-08-25,20130825,2013,3,8,August,25,7,Sunday,34,True
2013-08-26,20130826,2013,3,8,August,26,1,Monday,35,False
2013-08-27,20130827,2013,3,8,August,27,2,Tuesday,35,False
2013-08-28,20130828,2013,3,8,August,28,3,Wednesday,35,False
2013-08-29,20130829,2013,3,8,August,29,4,Thursday,35,False
2013-08-30,20130830,2013,3,8,August,30,5,Friday,35,False
2013-08-31,20130831,2013,3,8,August,31,6,Saturday,35,True
2013-09-01,20130901,2013,3,9,September,1,7,Sunday,35,True
2013-09-02,20130902,2013,3,9,September,2,1,Monday,36,False
2013-09-03,20130903,2013,3,9,September,3,2,Tuesday,36,False
2013-09-04,20130904,2013,3,9,September,4,3,Wednesday,36,False
2013-09-05,20130905,2013,3,9,September,5,4,Thursday,36,False
2013-09-06,20130906,2013,3,9,September,6,5,Friday,36,False
2013-09-07,20130907,2013,3,9,September,7,6,Saturday,36,True
2013-09-08,20130908,2013,3,9,September,8,7,Sunday,36,True
2013-09-09,20130909,2013,3,9,September,9,1,Monday,37,False
2013-09-10,20130910,2013,3,9,September,10,2,Tuesday,37,False
2013-09-11,20130911,2013,3,9,September,11,3,Wednesday,37,False
2013-09-12,20130912,2013,3,9,September,12,4,Thursday,37,False
2013-09-13,20130913,2013,3,9,September,13,5,Friday,37,False
2013-09-14,20130914,2013,3,9,September,14,6,Saturday,37,True
2013-09-15,20130915,2013,3,9,September,15,7,Sunday,37,True
2013-09-16,20130916,2013,3,9,September,16,1,Monday,38,False
2013-09-17,20130917,2013,3,9,September,17,2,Tuesday,38,False
2013-09-18,20130918,2013,3,9,September,18,3,Wednesday,38,False
2013-09-19,20130919,2013,3,9,September,19,4,Thursday,38,False
2013-09-20,20130920,2013,3,9,September,20,5,Friday,38,False
2013-09-21,20130921,2013,3,9,September,21,6,Saturday,38,True
2013-09-22,20130922,2013,3,9,September,22,7,Sunday,38,True
2013-09-23,20130923,2013,3,9,September,23,1,Monday,39,False
2013-09-24,20130924,2013,3,9,September,24,2,Tuesday,39,False
2013-09-25,20130925,2013,3,9,September,25,3,Wednesday,39,False
2013-09-26,20130926,2013,3,9,September,26,4,Thursday,39,False
2013-09-27,20130927,2013,3,9,September,27,5,Friday,39,False
2013-09-28,20130928,2013,3,9,September,28,6,Saturday,39,True
2013-09-29,20130929,2013,3,9,September,29,7,Sunday,39,True
2013-09-30,20130930,2013,3,9,September,30,1,Monday,40,False
2013-10-01,20131001,2013,4,10,October,1,2,Tuesday,40,False
2013-10-02,20131002,2013,4,10,October,2,3,Wednesday,40,False
2013-10-03,20131003,2013,4,10,October,3,4,Thursday,40,False
2013-10-04,20131004,2013,4,10,October,4,5,Friday,40,False
2013-10-05,20131005,2013,4,10,October,5,6,Saturday,40,True
2013-10-06,20131006,2013,4,10,October,6,7,Sunday,40,True
2013-10-07,20131007,2013,4,10,October,7,1,Monday,41,False
2013-10-08,20131008,2013,4,10,October,8,2,Tuesday,41,False
2013-10-09,20131009,2013,4,10,October,9,3,Wednesday,41,False
2013-10-10,20131010,2013,4,10,October,10,4,Thursday,41,False
2013-10-11,20131011,2013,4,10,October,11,5,Friday,41,False
2013-10-12,20131012,2013,4,10,October,12,6,Saturday,41,True
2013-10-13,20131013,2013,4,10,October,13,7,Sunday,41,True
2013-10-14,20131014,2013,4,10,October,14,1,Monday,42,False
2013-10-15,20131015,2013,4,10,October,15,2,Tuesday,42,False
2013-10-16,20131016,2013,4,10,October,16,3,Wednesday,42,False
2013-10-17,20131017,2013,4,10,October,17,4,Thursday,42,False
2013-10-18,20131018,2013,4,10,October,18,5,Friday,42,False
2013-10-19,20131019,2013,4,10,October,19,6,Saturday,42,True
2013-10-20,20131020,2013,4,10,October,20,7,Sunday,42,True
2013-10-21,20131021,2013,4,10,October,21,1,Monday,43,False
2013-10-22,20131022,2013,4,10,October,22,2,Tuesday,43,False
2013-10-23,20131023,2013,4,10,October,23,3,Wednesday,43,False
2013-10-24,20131024,2013,4,10,October,24,4,Thursday,43,False
2013-10-25,20131025,2013,4,10,October,25,5,Friday,43,False
2013-10-26,20131026,2013,4,10,October,26,6,Saturday,43,True
2013-10-27,20131027,2013,4,10,October,27,7,Sunday,43,True
2013-10-28,20131028,2013,4,10,October,28,1,Monday,44,False
2013-10-29,20131029,2013,4,10,October,29,2,Tuesday,44,False
2013-10-30,20131030,2013,4,10,October,30,3,Wednesday,44,False
2013-10-31,20131031,2013,4,10,October,31,4,Thursday,44,False
2013-11-01,20131101,2013,4,11,November,1,5,Friday,44,False
2013-11-02,20131102,2013,4,11,November,2,6,Saturday,44,True
2013-11-03,20131103,2013,4,11,November,3,7,Sunday,44,True
2013-11-04,20131104,2013,4,11,November,4,1,Monday,45,False
2013-11-05,20131105,2013,4,11,November,5,2,Tuesday,45,False
2013-11-06,20131106,2013,4,11,November,6,3,Wednesday,45,False
2013-11-07,20131107,2013,4,11,November,7,4,Thursday,45,False
2013-11-08,20131108,2013,4,11,November,8,5,Friday,45,False
2013-11-09,20131109,2013,4,11,November,9,6,Saturday,45,True
2013-11-10,20131110,2013,4,11,November,10,7,Sunday,45,True
2013-11-11,20131111,2013,4,11,November,11,1,Monday,46,False
2013-11-12,20131112,2013,4,11,November,12,2,Tuesday,46,False
2013-11-13,20131113,2013,4,11,November,13,3,Wednesday,46,False
2013-11-14,20131114,2013,4,11,November,14,4,Thursday,46,False
2013-11-15,20131115,2013,4,11,November,15,5,Friday,46,False
2013-11-16,20131116,2013,4,11,November,16,6,Saturday,46,True
2013-11-17,20131117,2013,4,11,November,17,7,Sunday,46,True
2013-11-18,20131118,2013,4,11,November,18,1,Monday,47,False
2013-11-19,20131119,2013,4,11,November,19,2,Tuesday,47,False
2013-11-20,20131120,2013,4,11,November,20,3,Wednesday,47,False
2013-11-21,20131121,2013,4,11,November,21,4,Thursday,47,False
2013-11-22,20131122,2013,4,11,November,22,5,Friday,47,False
2013-11-23,20131123,2013,4,11,November,23,6,Saturday,47,True
2013-11-24,20131124,2013,4,11,November,24,7,Sunday,47,True
2013-11-25,20131125,2013,4,11,November,25,1,Monday,48,False
2013-11-26,20131126,2013,4,11,November,26,2,Tuesday,48,False
2013-11-27,20131127,2013,4,11,November,27,3,Wednesday,48,False
2013-11-28,20131128,2013,4,11,November,28,4,Thursday,48,False
2013-11-29,20131129,2013,4,11,November,29,5,Friday,48,False
2013-11-30,20131130,2013,4,11,November,30,6,Saturday,48,True
2013-12-01,20131201,2013,4,12,December,1,7,Sunday,48,True
2013-12-02,20131202,2013,4,12,December,2,1,Monday,49,False
2013-12-03,20131203,2013,4,12,December,3,2,Tuesday,49,False
2013-12-04,20131204,2013,4,12,December,4,3,Wednesday,49,False
2013-12-05,20131205,2013,4,12,December,5,4,Thursday,49,False
2013-12-06,20131206,2013,4,12,December,6,5,Friday,49,False
2013-12-07,20131207,2013,4,12,December,7,6,Saturday,49,True
2013-12-08,20131208,2013,4,12,December,8,7,Sunday,49,True
2013-12-09,20131209,2013,4,12,December,9,1,Monday,50,False
2013-12-10,20131210,2013,4,12,December,10,2,Tuesday,50,False
2013-12-11,20131211,2013,4,12,December,11,3,Wednesday,50,False
2013-12-12,20131212,2013,4,12,December,12,4,Thursday,50,False
2013-12-13,20131213,2013,4,12,December,13,5,Friday,50,False
2013-12-14,20131214,2013,4,12,December,14,6,Saturday,50,True
2013-12-15,20131215,2013,4,12,December,15,7,Sunday,50,True
2013-12-16,20131216,2013,4,12,December,16,1,Monday,51,False
2013-12-17,20131217,2013,4,12,December,17,2,Tuesday,51,False
2013-12-18,20131218,2013,4,12,December,18,3,Wednesday,51,False
2013-12-19,20131219,2013,4,12,December,19,4,Thursday,51,False
2013-12-20,20131220,2013,4,12,December,20,5,Friday,51,False
2013-12-21,20131221,2013,4,12,December,21,6,Saturday,51,True
2013-12-22,20131222,2013,4,12,December,22,7,Sunday,51,True
2013-12-23,20131223,2013,4,12,December,23,1,Monday,52,False
2013-12-24,20131224,2013,4,12,December,24,2,Tuesday,52,False
2013-12-25,20131225,2013,4,12,December,25,3,Wednesday,52,False
2013-12-26,20131226,2013,4,12,December,26,4,Thursday,52,False
2013-12-27,20131227,2013,4,12,December,27,5,Friday,52,False
2013-12-28,20131228,2013,4,12,December,28,6,Saturday,52,True
2013-12-29,20131229,2013,4,12,December,29,7,Sunday,52,True
2013-12-30,20131230,2013,4,12,December,30,1,Monday,1,False
2013-12-31,20131231,2013,4,12,December,31,2,Tuesday,1,False
2014-01-01,20140101,2014,1,1,January,1,3,Wednesday,1,False
2014-01-02,20140102,2014,1,1,January,2,4,Thursday,1,False
2014-01-03,20140103,2014,1,1,January,3,5,Friday,1,False
2014-01-04,20140104,2014,1,1,January,4,6,Saturday,1,True
2014-01-05,20140105,2014,1,1,January,5,7,Sunday,1,True
2014-01-06,20140106,2014,1,1,January,6,1,Monday,2,False
2014-01-07,20140107,2014,1,1,January,7,2,Tuesday,2,False
2014-01-08,20140108,2014,1,1,January,8,3,Wednesday,2,False
2014-01-09,20140109,2014,1,1,January,9,4,Thursday,2,False
2014-01-10,20140110,2014,1,1,January,10,5,Friday,2,False
2014-01-11,20140111,2014,1,1,January,11,6,Saturday,2,True
2014-01-12,20140112,2014,1,1,January,12,7,Sunday,2,True
2014-01-13,20140113,2014,1,1,January,13,1,Monday,3,False
2014-01-14,20140114,2014,1,1,January,14,2,Tuesday,3,False
2014-01-15,20140115,2014,1,1,January,15,3,Wednesday,3,False
2014-01-16,20140116,2014,1,1,January,16,4,Thursday,3,False
2014-01-17,20140117,2014,1,1,January,17,5,Friday,3,False
2014-01-18,20140118,2014,1,1,January,18,6,Saturday,3,True
2014-01-19,20140119,2014,1,1,January,19,7,Sunday,3,True
2014-01-20,20140120,2014,1,1,January,20,1,Monday,4,False
2014-01-21,20140121,2014,1,1,January,21,2,Tuesday,4,False
2014-01-22,20140122,2014,1,1,January,22,3,Wednesday,4,False
2014-01-23,20140123,2014,1,1,January,23,4,Thursday,4,False
2014-01-24,20140124,2014,1,1,January,24,5,Friday,4,False
2014-01-25,20140125,2014,1,1,January,25,6,Saturday,4,True
2014-01-26,20140126,2014,1,1,January,26,7,Sunday,4,True
2014-01-27,20140127,2014,1,1,January,27,1,Monday,5,False
2014-01-28,20140128,2014,1,1,January,28,2,Tuesday,5,False
2014-01-29,20140129,2014,1,1,January,29,3,Wednesday,5,False
2014-01-30,20140130,2014,1,1,January,30,4,Thursday,5,False
2014-01-31,20140131,2014,1,1,January,31,5,Friday,5,False
2014-02-01,20140201,2014,1,2,February,1,6,Saturday,5,True
2014-02-02,20140202,2014,1,2,February,2,7,Sunday,5,True
2014-02-03,20140203,2014,1,2,February,3,1,Monday,6,False
2014-02-04,20140204,2014,1,2,February,4,2,Tuesday,6,False
2014-02-05,20140205,2014,1,2,February,5,3,Wednesday,6,False
2014-02-06,20140206,2014,1,2,February,6,4,Thursday,6,False
2014-02-07,20140207,2014,1,2,February,7,5,Friday,6,False
2014-02-08,20140208,2014,1,2,February,8,6,Saturday,6,True
2014-02-09,20140209,2014,1,2,February,9,7,Sunday,6,True
2014-02-10,20140210,2014,1,2,February,10,1,Monday,7,False
2014-02-11,20140211,2014,1,2,February,11,2,Tuesday,7,False
2014-02-12,20140212,2014,1,2,February,12,3,Wednesday,7,False
2014-02-13,20140213,2014,1,2,February,13,4,Thursday,7,False
2014-02-14,20140214,2014,1,2,February,14,5,Friday,7,False
2014-02-15,20140215,2014,1,2,February,15,6,Saturday,7,True
2014-02-16,20140216,2014,1,2,February,16,7,Sunday,7,True
