product_sk,product_id_nk,product_key,product_name,product_cost,product_line,start_date,end_date,cat_id,product_key_short,is_current,effective_from,effective_to,category_id,category,subcategory,maintenance
1,210,CO-RF-FR-R92B-58,HL Road Frame - Black- 58,,R,2003-07-01,,CO_RF,FR-R92B-58,True,2003-07-01,9999-12-31,CO_RF,Components,Road Frames,Yes
2,211,CO-RF-FR-R92R-58,HL Road Frame - Red- 58,,R,2003-07-01,,CO_RF,FR-R92R-58,True,2003-07-01,9999-12-31,CO_RF,Components,Road Frames,Yes
3,212,AC-HE-HL-U509-R,Sport-100 Helmet- Red,12.0,S,2011-07-01,2007-12-28,AC_HE,HL-U509-R,False,2011-07-01,2007-12-28,AC_HE,Accessories,Helmets,Yes
4,213,AC-HE-HL-U509-R,Sport-100 Helmet- Red,14.0,S,2012-07-01,2008-12-27,AC_HE,HL-U509-R,False,2012-07-01,2008-12-27,AC_HE,Accessories,Helmets,Yes
5,214,AC-HE-HL-U509-R,Sport-100 Helmet- Red,13.0,S,2013-07-01,,AC_HE,HL-U509-R,True,2013-07-01,9999-12-31,AC_HE,Accessories,Helmets,Yes
6,215,AC-HE-HL-U509,Sport-100 Helmet- Black,12.0,S,2011-07-01,2007-12-28,AC_HE,HL-U509,False,2011-07-01,2007-12-28,AC_HE,Accessories,Helmets,Yes
7,216,AC-HE-HL-U509,Sport-100 Helmet- Black,14.0,S,2012-07-01,2008-12-27,AC_HE,HL-U509,False,2012-07-01,2008-12-27,AC_HE,Accessories,Helmets,Yes
8,217,AC-HE-HL-U509,Sport-100 Helmet- Black,13.0,S,2013-07-01,,AC_HE,HL-U509,True,2013-07-01,9999-12-31,AC_HE,Accessories,Helmets,Yes
9,218,CL-SO-SO-B909-M,Mountain Bike Socks- M,3.0,M,2011-07-01,2007-12-28,CL_SO,SO-B909-M,False,2011-07-01,2007-12-28,CL_SO,Clothing,Socks,No
10,219,CL-SO-SO-B909-L,Mountain Bike Socks- L,3.0,M,2011-07-01,2007-12-28,CL_SO,SO-B909-L,False,2011-07-01,2007-12-28,CL_SO,Clothing,Socks,No
11,220,AC-HE-HL-U509-B,Sport-100 Helmet- Blue,12.0,S,2011-07-01,2007-12-28,AC_HE,HL-U509-B,False,2011-07-01,2007-12-28,AC_HE,Accessories,Helmets,Yes
12,221,AC-HE-HL-U509-B,Sport-100 Helmet- Blue,14.0,S,2012-07-01,2008-12-27,AC_HE,HL-U509-B,False,2012-07-01,2008-12-27,AC_HE,Accessories,Helmets,Yes
13,222,AC-HE-HL-U509-B,Sport-100 Helmet- Blue,13.0,S,2013-07-01,,AC_HE,HL-U509-B,True,2013-07-01,9999-12-31,AC_HE,Accessories,Helmets,Yes
14,223,CL-CA-CA-1098,AWC Logo Cap,6.0,S,2011-07-01,2007-12-28,CL_CA,CA-1098,False,2011-07-01,2007-12-28,CL_CA,Clothing,Caps,No
15,224,CL-CA-CA-1098,AWC Logo Cap,5.0,S,2012-07-01,2008-12-27,CL_CA,CA-1098,False,2012-07-01,2008-12-27,CL_CA,Clothing,Caps,No
16,225,CL-CA-CA-1098,AWC Logo Cap,7.0,S,2013-07-01,,CL_CA,CA-1098,True,2013-07-01,9999-12-31,CL_CA,Clothing,Caps,No
17,226,CL-JE-LJ-0192-S,Long-Sleeve Logo Jersey- S,32.0,S,2011-07-01,2007-12-28,CL_JE,LJ-0192-S,False,2011-07-01,2007-12-28,CL_JE,Clothing,Jerseys,No
18,227,CL-JE-LJ-0192-S,Long-Sleeve Logo Jersey- S,29.0,S,2012-07-01,2008-12-27,CL_JE,LJ-0192-S,False,2012-07-01,2008-12-27,CL_JE,Clothing,Jerseys,No
19,228,CL-JE-LJ-0192-S,Long-Sleeve Logo Jersey- S,38.0,S,2013-07-01,,CL_JE,LJ-0192-S,True,2013-07-01,9999-12-31,CL_JE,Clothing,Jerseys,No
20,229,CL-JE-LJ-0192-M,Long-Sleeve Logo Jersey- M,32.0,S,2011-07-01,2007-12-28,CL_JE,LJ-0192-M,False,2011-07-01,2007-12-28,CL_JE,Clothing,Jerseys,No
21,230,CL-JE-LJ-0192-M,Long-Sleeve Logo Jersey- M,29.0,S,2012-07-01,2008-12-27,CL_JE,LJ-0192-M,False,2012-07-01,2008-12-27,CL_JE,Clothing,Jerseys,No
22,231,CL-JE-LJ-0192-M,Long-Sleeve Logo Jersey- M,38.0,S,2013-07-01,,CL_JE,LJ-0192-M,True,2013-07-01,9999-12-31,CL_JE,Clothing,Jerseys,No
23,232,CL-JE-LJ-0192-L,Long-Sleeve Logo Jersey- L,32.0,S,2011-07-01,2007-12-28,CL_JE,LJ-0192-L,False,2011-07-01,2007-12-28,CL_JE,Clothing,Jerseys,No
24,233,CL-JE-LJ-0192-L,Long-Sleeve Logo Jersey- L,29.0,S,2012-07-01,2008-12-27,CL_JE,LJ-0192-L,False,2012-07-01,2008-12-27,CL_JE,Clothing,Jerseys,No
25,234,CL-JE-LJ-0192-L,Long-Sleeve Logo Jersey- L,38.0,S,2013-07-01,,CL_JE,LJ-0192-L,True,2013-07-01,9999-12-31,CL_JE,Clothing,Jerseys,No
26,235,CL-JE-LJ-0192-X,Long-Sleeve Logo Jersey- XL,32.0,S,2011-07-01,2007-12-28,CL_JE,LJ-0192-X,False,2011-07-01,2007-12-28,CL_JE,Clothing,Jerseys,No
27,236,CL-JE-LJ-0192-X,Long-Sleeve Logo Jersey- XL,29.0,S,2012-07-01,2008-12-27,CL_JE,LJ-0192-X,False,2012-07-01,2008-12-27,CL_JE,Clothing,Jerseys,No
28,237,CL-JE-LJ-0192-X,Long-Sleeve Logo Jersey- XL,38.0,S,2013-07-01,,CL_JE,LJ-0192-X,True,2013-07-01,9999-12-31,CL_JE,Clothing,Jerseys,No
29,238,CO-RF-FR-R92R-62,HL Road Frame - Red- 62,748.0,R,2011-07-01,2007-12-28,CO_RF,FR-R92R-62,False,2011-07-01,2007-12-28,CO_RF,Components,Road Frames,Yes
30,239,CO-RF-FR-R92R-62,HL Road Frame - Red- 62,722.0,R,2012-07-01,2008-12-27,CO_RF,FR-R92R-62,False,2012-07-01,2008-12-27,CO_RF,Components,Road Frames,Yes
31,240,CO-RF-FR-R92R-62,HL Road Frame - Red- 62,869.0,R,2013-07-01,,CO_RF,FR-R92R-62,True,2013-07-01,9999-12-31,CO_RF,Components,Road Frames,Yes
32,241,CO-RF-FR-R92R-44,HL Road Frame - Red- 44,748.0,R,2011-07-01,2007-12-28,CO_RF,FR-R92R-44,False,2011-07-01,2007-12-28,CO_RF,Components,Road Frames,Yes
33,242,CO-RF-FR-R92R-44,HL Road Frame - Red- 44,722.0,R,2012-07-01,2008-12-27,CO_RF,FR-R92R-44,False,2012-07-01,2008-12-27,CO_RF,Components,Road Frames,Yes
34,243,CO-RF-FR-R92R-44,HL Road Frame - Red- 44,869.0,R,2013-07-01,,CO_RF,FR-R92R-44,True,2013-07-01,9999-12-31,CO_RF,Components,Road Frames,Yes
35,244,CO-RF-FR-R92R-48,HL Road Frame - Red- 48,748.0,R,2011-07-01,2007-12-28,CO_RF,FR-R92R-48,False,2011-07-01,2007-12-28,CO_RF,Components,Road Frames,Yes
36,245,CO-RF-FR-R92R-48,HL Road Frame - Red- 48,722.0,R,2012-07-01,2008-12-27,CO_RF,FR-R92R-48,False,2012-07-01,2008-12-27,CO_RF,Components,Road Frames,Yes
37,246,CO-RF-FR-R92R-48,HL Road Frame - Red- 48,869.0,R,2013-07-01,,CO_RF,FR-R92R-48,True,2013-07-01,9999-12-31,CO_RF,Components,Road Frames,Yes
38,247,CO-RF-FR-R92R-52,HL Road Frame - Red- 52,748.0,R,2011-07-01,2007-12-28,CO_RF,FR-R92R-52,False,2011-07-01,2007-12-28,CO_RF,Components,Road Frames,Yes
39,248,CO-RF-FR-R92R-52,HL Road Frame - Red- 52,722.0,R,2012-07-01,2008-12-27,CO_RF,FR-R92R-52,False,2012-07-01,2008-12-27,CO_RF,Components,Road Frames,Yes
40,249,CO-RF-FR-R92R-52,HL Road Frame - Red- 52,869.0,R,2013-07-01,,CO_RF,FR-R92R-52,True,2013-07-01,9999-12-31,CO_RF,Components,Road Frames,Yes
41,250,CO-RF-FR-R92R-56,HL Road Frame - Red- 56,748.0,R,2011-07-01,2007-12-28,CO_RF,FR-R92R-56,False,2011-07-01,2007-12-28,CO_RF,Components,Road Frames,Yes
42,251,CO-RF-FR-R92R-56,HL Road Frame - Red- 56,722.0,R,2012-07-01,2008-12-27,CO_RF,FR-R92R-56,False,2012-07-01,2008-12-27,CO_RF,Components,Road Frames,Yes
43,252,CO-RF-FR-R92R-56,HL Road Frame - Red- 56,869.0,R,2013-07-01,,CO_RF,FR-R92R-56,True,2013-07-01,9999-12-31,CO_RF,Components,Road Frames,Yes
44,253,CO-RF-FR-R38B-58,LL Road Frame - Black- 58,176.0,R,2011-07-01,2007-12-28,CO_RF,FR-R38B-58,False,2011-07-01,2007-12-28,CO_RF,Components,Road Frames,Yes
45,254,CO-RF-FR-R38B-58,LL Road Frame - Black- 58,170.0,R,2012-07-01,2008-12-27,CO_RF,FR-R38B-58,False,2012-07-01,2008-12-27,CO_RF,Components,Road Frames,Yes
46,255,CO-RF-FR-R38B-58,LL Road Frame - Black- 58,205.0,R,2013-07-01,,CO_RF,FR-R38B-58,True,2013-07-01,9999-12-31,CO_RF,Components,Road Frames,Yes
47,256,CO-RF-FR-R38B-60,LL Road Frame - Black- 60,176.0,R,2011-07-01,2007-12-28,CO_RF,FR-R38B-60,False,2011-07-01,2007-12-28,CO_RF,Components,Road Frames,Yes
48,257,CO-RF-FR-R38B-60,LL Road Frame - Black- 60,170.0,R,2012-07-01,2008-12-27,CO_RF,FR-R38B-60,False,2012-07-01,2008-12-27,CO_RF,Components,Road Frames,Yes
49,258,CO-RF-FR-R38B-60,LL Road Frame - Black- 60,205.0,R,2013-07-01,,CO_RF,FR-R38B-60,True,2013-07-01,9999-12-31,CO_RF,Components,Road Frames,Yes
50,259,CO-RF-FR-R38B-62,LL Road Frame - Black- 62,176.0,R,2011-07-01,2007-12-28,CO_RF,FR-R38B-62,False,2011-07-01,2007-12-28,CO_RF,Components,Road Frames,Yes
51,260,CO-RF-FR-R38B-62,LL Road Frame - Black- 62,170.0,R,2012-07-01,2008-12-27,CO_RF,FR-R38B-62,False,2012-07-01,2008-12-27,CO_RF,Components,Road Frames,Yes
52,261,CO-RF-FR-R38B-62,LL Road Frame - Black- 62,205.0,R,2013-07-01,,CO_RF,FR-R38B-62,True,2013-07-01,9999-12-31,CO_RF,Components,Road Frames,Yes
53,262,CO-RF-FR-R38R-44,LL Road Frame - Red- 44,181.0,R,2011-07-01,2007-12-28,CO_RF,FR-R38R-44,False,2011-07-01,2007-12-28,CO_RF,Components,Road Frames,Yes
54,263,CO-RF-FR-R38R-44,LL Road Frame - Red- 44,187.0,R,2012-07-01,2008-12-27,CO_RF,FR-R38R-44,False,2012-07-01,2008-12-27,CO_RF,Components,Road Frames,Yes
55,264,CO-RF-FR-R38R-48,LL Road Frame - Red- 48,181.0,R,2011-07-01,2007-12-28,CO_RF,FR-R38R-48,False,2011-07-01,2007-12-28,CO_RF,Components,Road Frames,Yes
56,265,CO-RF-FR-R38R-48,LL Road Frame - Red- 48,187.0,R,2012-07-01,2008-12-27,CO_RF,FR-R38R-48,False,2012-07-01,2008-12-27,CO_RF,Components,Road Frames,Yes
57,266,CO-RF-FR-R38R-52,LL Road Frame - Red- 52,181.0,R,2011-07-01,2007-12-28,CO_RF,FR-R38R-52,False,2011-07-01,2007-12-28,CO_RF,Components,Road Frames,Yes
58,267,CO-RF-FR-R38R-52,LL Road Frame - Red- 52,187.0,R,2012-07-01,2008-12-27,CO_RF,FR-R38R-52,False,2012-07-01,2008-12-27,CO_RF,Components,Road Frames,Yes
59,268,CO-RF-FR-R38R-58,LL Road Frame - Red- 58,181.0,R,2011-07-01,2007-12-28,CO_RF,FR-R38R-58,False,2011-07-01,2007-12-28,CO_RF,Components,Road Frames,Yes
60,269,CO-RF-FR-R38R-58,LL Road Frame - Red- 58,187.0,R,2012-07-01,2008-12-27,CO_RF,FR-R38R-58,False,2012-07-01,2008-12-27,CO_RF,Components,Road Frames,Yes
61,270,CO-RF-FR-R38R-60,LL Road Frame - Red- 60,181.0,R,2011-07-01,2007-12-28,CO_RF,FR-R38R-60,False,2011-07-01,2007-12-28,CO_RF,Components,Road Frames,Yes
62,271,CO-RF-FR-R38R-60,LL Road Frame - Red- 60,187.0,R,2012-07-01,2008-12-27,CO_RF,FR-R38R-60,False,2012-07-01,2008-12-27,CO_RF,Components,Road Frames,Yes
63,272,CO-RF-FR-R38R-62,LL Road Frame - Red- 62,181.0,R,2011-07-01,2007-12-28,CO_RF,FR-R38R-62,False,2011-07-01,2007-12-28,CO_RF,Components,Road Frames,Yes
64,273,CO-RF-FR-R38R-62,LL Road Frame - Red- 62,187.0,R,2012-07-01,2008-12-27,CO_RF,FR-R38R-62,False,2012-07-01,2008-12-27,CO_RF,Components,Road Frames,Yes
65,274,CO-RF-FR-R72R-44,ML Road Frame - Red- 44,352.0,R,2011-07-01,2007-12-28,CO_RF,FR-R72R-44,False,2011-07-01,2007-12-28,CO_RF,Components,Road Frames,Yes
66,275,CO-RF-FR-R72R-48,ML Road Frame - Red- 48,352.0,R,2011-07-01,2007-12-28,CO_RF,FR-R72R-48,False,2011-07-01,2007-12-28,CO_RF,Components,Road Frames,Yes
67,276,CO-RF-FR-R72R-52,ML Road Frame - Red- 52,352.0,R,2011-07-01,2007-12-28,CO_RF,FR-R72R-52,False,2011-07-01,2007-12-28,CO_RF,Components,Road Frames,Yes
68,277,CO-RF-FR-R72R-58,ML Road Frame - Red- 58,352.0,R,2011-07-01,2007-12-28,CO_RF,FR-R72R-58,False,2011-07-01,2007-12-28,CO_RF,Components,Road Frames,Yes
69,278,CO-RF-FR-R72R-60,ML Road Frame - Red- 60,352.0,R,2011-07-01,2007-12-28,CO_RF,FR-R72R-60,False,2011-07-01,2007-12-28,CO_RF,Components,Road Frames,Yes
70,279,CO-RF-FR-R38B-44,LL Road Frame - Black- 44,176.0,R,2011-07-01,2007-12-28,CO_RF,FR-R38B-44,False,2011-07-01,2007-12-28,CO_RF,Components,Road Frames,Yes
71,280,CO-RF-FR-R38B-44,LL Road Frame - Black- 44,170.0,R,2012-07-01,2008-12-27,CO_RF,FR-R38B-44,False,2012-07-01,2008-12-27,CO_RF,Components,Road Frames,Yes
72,281,CO-RF-FR-R38B-44,LL Road Frame - Black- 44,205.0,R,2013-07-01,,CO_RF,FR-R38B-44,True,2013-07-01,9999-12-31,CO_RF,Components,Road Frames,Yes
73,282,CO-RF-FR-R38B-48,LL Road Frame - Black- 48,176.0,R,2011-07-01,2007-12-28,CO_RF,FR-R38B-48,False,2011-07-01,2007-12-28,CO_RF,Components,Road Frames,Yes
74,283,CO-RF-FR-R38B-48,LL Road Frame - Black- 48,170.0,R,2012-07-01,2008-12-27,CO_RF,FR-R38B-48,False,2012-07-01,2008-12-27,CO_RF,Components,Road Frames,Yes
75,284,CO-RF-FR-R38B-48,LL Road Frame - Black- 48,205.0,R,2013-07-01,,CO_RF,FR-R38B-48,True,2013-07-01,9999-12-31,CO_RF,Components,Road Frames,Yes
76,285,CO-RF-FR-R38B-52,LL Road Frame - Black- 52,176.0,R,2011-07-01,2007-12-28,CO_RF,FR-R38B-52,False,2011-07-01,2007-12-28,CO_RF,Components,Road Frames,Yes
77,286,CO-RF-FR-R38B-52,LL Road Frame - Black- 52,170.0,R,2012-07-01,2008-12-27,CO_RF,FR-R38B-52,False,2012-07-01,2008-12-27,CO_RF,Components,Road Frames,Yes
78,287,CO-RF-FR-R38B-52,LL Road Frame - Black- 52,205.0,R,2013-07-01,,CO_RF,FR-R38B-52,True,2013-07-01,9999-12-31,CO_RF,Components,Road Frames,Yes
79,288,CO-MF-FR-M94S-42,HL Mountain Frame - Silver- 42,624.0,M,2011-07-01,2007-12-28,CO_MF,FR-M94S-42,False,2011-07-01,2007-12-28,CO_MF,Components,Mountain Frames,Yes
80,289,CO-MF-FR-M94S-42,HL Mountain Frame - Silver- 42,661.0,M,2012-07-01,2008-12-27,CO_MF,FR-M94S-42,False,2012-07-01,2008-12-27,CO_MF,Components,Mountain Frames,Yes
81,290,CO-MF-FR-M94S-42,HL Mountain Frame - Silver- 42,747.0,M,2013-07-01,,CO_MF,FR-M94S-42,True,2013-07-01,9999-12-31,CO_MF,Components,Mountain Frames,Yes
82,291,CO-MF-FR-M94S-44,HL Mountain Frame - Silver- 44,707.0,M,2011-07-01,2007-12-28,CO_MF,FR-M94S-44,False,2011-07-01,2007-12-28,CO_MF,Components,Mountain Frames,Yes
83,292,CO-MF-FR-M94S-52,HL Mountain Frame - Silver- 48,707.0,M,2011-07-01,2007-12-28,CO_MF,FR-M94S-52,False,2011-07-01,2007-12-28,CO_MF,Components,Mountain Frames,Yes
84,293,CO-MF-FR-M94S-46,HL Mountain Frame - Silver- 46,624.0,M,2011-07-01,2007-12-28,CO_MF,FR-M94S-46,False,2011-07-01,2007-12-28,CO_MF,Components,Mountain Frames,Yes
85,294,CO-MF-FR-M94S-46,HL Mountain Frame - Silver- 46,661.0,M,2012-07-01,2008-12-27,CO_MF,FR-M94S-46,False,2012-07-01,2008-12-27,CO_MF,Components,Mountain Frames,Yes
86,295,CO-MF-FR-M94S-46,HL Mountain Frame - Silver- 46,747.0,M,2013-07-01,,CO_MF,FR-M94S-46,True,2013-07-01,9999-12-31,CO_MF,Components,Mountain Frames,Yes
87,296,CO-MF-FR-M94B-42,HL Mountain Frame - Black- 42,617.0,M,2011-07-01,2007-12-28,CO_MF,FR-M94B-42,False,2011-07-01,2007-12-28,CO_MF,Components,Mountain Frames,Yes
88,297,CO-MF-FR-M94B-42,HL Mountain Frame - Black- 42,654.0,M,2012-07-01,2008-12-27,CO_MF,FR-M94B-42,False,2012-07-01,2008-12-27,CO_MF,Components,Mountain Frames,Yes
89,298,CO-MF-FR-M94B-42,HL Mountain Frame - Black- 42,739.0,M,2013-07-01,,CO_MF,FR-M94B-42,True,2013-07-01,9999-12-31,CO_MF,Components,Mountain Frames,Yes
90,299,CO-MF-FR-M94B-44,HL Mountain Frame - Black- 44,699.0,M,2011-07-01,2007-12-28,CO_MF,FR-M94B-44,False,2011-07-01,2007-12-28,CO_MF,Components,Mountain Frames,Yes
91,300,CO-MF-FR-M94B-48,HL Mountain Frame - Black- 48,699.0,M,2011-07-01,2007-12-28,CO_MF,FR-M94B-48,False,2011-07-01,2007-12-28,CO_MF,Components,Mountain Frames,Yes
92,301,CO-MF-FR-M94B-46,HL Mountain Frame - Black- 46,617.0,M,2011-07-01,2007-12-28,CO_MF,FR-M94B-46,False,2011-07-01,2007-12-28,CO_MF,Components,Mountain Frames,Yes
93,302,CO-MF-FR-M94B-46,HL Mountain Frame - Black- 46,654.0,M,2012-07-01,2008-12-27,CO_MF,FR-M94B-46,False,2012-07-01,2008-12-27,CO_MF,Components,Mountain Frames,Yes
94,303,CO-MF-FR-M94B-46,HL Mountain Frame - Black- 46,739.0,M,2013-07-01,,CO_MF,FR-M94B-46,True,2013-07-01,9999-12-31,CO_MF,Components,Mountain Frames,Yes
95,304,CO-MF-FR-M94B-38,HL Mountain Frame - Black- 38,617.0,M,2011-07-01,2007-12-28,CO_MF,FR-M94B-38,False,2011-07-01,2007-12-28,CO_MF,Components,Mountain Frames,Yes
96,305,CO-MF-FR-M94B-38,HL Mountain Frame - Black- 38,654.0,M,2012-07-01,2008-12-27,CO_MF,FR-M94B-38,False,2012-07-01,2008-12-27,CO_MF,Components,Mountain Frames,Yes
97,306,CO-MF-FR-M94B-38,HL Mountain Frame - Black- 38,739.0,M,2013-07-01,,CO_MF,FR-M94B-38,True,2013-07-01,9999-12-31,CO_MF,Components,Mountain Frames,Yes
98,307,CO-MF-FR-M94S-38,HL Mountain Frame - Silver- 38,624.0,M,2011-07-01,2007-12-28,CO_MF,FR-M94S-38,False,2011-07-01,2007-12-28,CO_MF,Components,Mountain Frames,Yes
99,308,CO-MF-FR-M94S-38,HL Mountain Frame - Silver- 38,661.0,M,2012-07-01,2008-12-27,CO_MF,FR-M94S-38,False,2012-07-01,2008-12-27,CO_MF,Components,Mountain Frames,Yes
100,309,CO-MF-FR-M94S-38,HL Mountain Frame - Silver- 38,747.0,M,2013-07-01,,CO_MF,FR-M94S-38,True,2013-07-01,9999-12-31,CO_MF,Components,Mountain Frames,Yes
101,310,BI-RB-BK-R93R-62,Road-150 Red- 62,2171.0,R,2011-07-01,2007-12-28,BI_RB,BK-R93R-62,False,2011-07-01,2007-12-28,BI_RB,Bikes,Road Bikes,Yes
102,311,BI-RB-BK-R93R-44,Road-150 Red- 44,2171.0,R,2011-07-01,2007-12-28,BI_RB,BK-R93R-44,False,2011-07-01,2007-12-28,BI_RB,Bikes,Road Bikes,Yes
103,312,BI-RB-BK-R93R-48,Road-150 Red- 48,2171.0,R,2011-07-01,2007-12-28,BI_RB,BK-R93R-48,False,2011-07-01,2007-12-28,BI_RB,Bikes,Road Bikes,Yes
104,313,BI-RB-BK-R93R-52,Road-150 Red- 52,2171.0,R,2011-07-01,2007-12-28,BI_RB,BK-R93R-52,False,2011-07-01,2007-12-28,BI_RB,Bikes,Road Bikes,Yes
105,314,BI-RB-BK-R93R-56,Road-150 Red- 56,2171.0,R,2011-07-01,2007-12-28,BI_RB,BK-R93R-56,False,2011-07-01,2007-12-28,BI_RB,Bikes,Road Bikes,Yes
106,315,BI-RB-BK-R68R-58,Road-450 Red- 58,885.0,R,2011-07-01,2007-12-28,BI_RB,BK-R68R-58,False,2011-07-01,2007-12-28,BI_RB,Bikes,Road Bikes,Yes
107,316,BI-RB-BK-R68R-60,Road-450 Red- 60,885.0,R,2011-07-01,2007-12-28,BI_RB,BK-R68R-60,False,2011-07-01,2007-12-28,BI_RB,Bikes,Road Bikes,Yes
108,317,BI-RB-BK-R68R-44,Road-450 Red- 44,885.0,R,2011-07-01,2007-12-28,BI_RB,BK-R68R-44,False,2011-07-01,2007-12-28,BI_RB,Bikes,Road Bikes,Yes
109,318,BI-RB-BK-R68R-48,Road-450 Red- 48,885.0,R,2011-07-01,2007-12-28,BI_RB,BK-R68R-48,False,2011-07-01,2007-12-28,BI_RB,Bikes,Road Bikes,Yes
110,319,BI-RB-BK-R68R-52,Road-450 Red- 52,885.0,R,2011-07-01,2007-12-28,BI_RB,BK-R68R-52,False,2011-07-01,2007-12-28,BI_RB,Bikes,Road Bikes,Yes
111,320,BI-RB-BK-R50R-58,Road-650 Red- 58,413.0,R,2011-07-01,2007-12-28,BI_RB,BK-R50R-58,False,2011-07-01,2007-12-28,BI_RB,Bikes,Road Bikes,Yes
112,321,BI-RB-BK-R50R-58,Road-650 Red- 58,487.0,R,2012-07-01,2008-12-27,BI_RB,BK-R50R-58,False,2012-07-01,2008-12-27,BI_RB,Bikes,Road Bikes,Yes
113,322,BI-RB-BK-R50R-60,Road-650 Red- 60,413.0,R,2011-07-01,2007-12-28,BI_RB,BK-R50R-60,False,2011-07-01,2007-12-28,BI_RB,Bikes,Road Bikes,Yes
114,323,BI-RB-BK-R50R-60,Road-650 Red- 60,487.0,R,2012-07-01,2008-12-27,BI_RB,BK-R50R-60,False,2012-07-01,2008-12-27,BI_RB,Bikes,Road Bikes,Yes
115,324,BI-RB-BK-R50R-62,Road-650 Red- 62,413.0,R,2011-07-01,2007-12-28,BI_RB,BK-R50R-62,False,2011-07-01,2007-12-28,BI_RB,Bikes,Road Bikes,Yes
116,325,BI-RB-BK-R50R-62,Road-650 Red- 62,487.0,R,2012-07-01,2008-12-27,BI_RB,BK-R50R-62,False,2012-07-01,2008-12-27,BI_RB,Bikes,Road Bikes,Yes
117,326,BI-RB-BK-R50R-44,Road-650 Red- 44,413.0,R,2011-07-01,2007-12-28,BI_RB,BK-R50R-44,False,2011-07-01,2007-12-28,BI_RB,Bikes,Road Bikes,Yes
118,327,BI-RB-BK-R50R-44,Road-650 Red- 44,487.0,R,2012-07-01,2008-12-27,BI_RB,BK-R50R-44,False,2012-07-01,2008-12-27,BI_RB,Bikes,Road Bikes,Yes
119,328,BI-RB-BK-R50R-48,Road-650 Red- 48,413.0,R,2011-07-01,2007-12-28,BI_RB,BK-R50R-48,False,2011-07-01,2007-12-28,BI_RB,Bikes,Road Bikes,Yes
120,329,BI-RB-BK-R50R-48,Road-650 Red- 48,487.0,R,2012-07-01,2008-12-27,BI_RB,BK-R50R-48,False,2012-07-01,2008-12-27,BI_RB,Bikes,Road Bikes,Yes
121,330,BI-RB-BK-R50R-52,Road-650 Red- 52,413.0,R,2011-07-01,2007-12-28,BI_RB,BK-R50R-52,False,2011-07-01,2007-12-28,BI_RB,Bikes,Road Bikes,Yes
122,331,BI-RB-BK-R50R-52,Road-650 Red- 52,487.0,R,2012-07-01,2008-12-27,BI_RB,BK-R50R-52,False,2012-07-01,2008-12-27,BI_RB,Bikes,Road Bikes,Yes
123,332,BI-RB-BK-R50B-58,Road-650 Black- 58,413.0,R,2011-07-01,2007-12-28,BI_RB,BK-R50B-58,False,2011-07-01,2007-12-28,BI_RB,Bikes,Road Bikes,Yes
124,333,BI-RB-BK-R50B-58,Road-650 Black- 58,487.0,R,2012-07-01,2008-12-27,BI_RB,BK-R50B-58,False,2012-07-01,2008-12-27,BI_RB,Bikes,Road Bikes,Yes
125,334,BI-RB-BK-R50B-60,Road-650 Black- 60,413.0,R,2011-07-01,2007-12-28,BI_RB,BK-R50B-60,False,2011-07-01,2007-12-28,BI_RB,Bikes,Road Bikes,Yes
126,335,BI-RB-BK-R50B-60,Road-650 Black- 60,487.0,R,2012-07-01,2008-12-27,BI_RB,BK-R50B-60,False,2012-07-01,2008-12-27,BI_RB,Bikes,Road Bikes,Yes
127,336,BI-RB-BK-R50B-62,Road-650 Black- 62,413.0,R,2011-07-01,2007-12-28,BI_RB,BK-R50B-62,False,2011-07-01,2007-12-28,BI_RB,Bikes,Road Bikes,Yes
128,337,BI-RB-BK-R50B-62,Road-650 Black- 62,487.0,R,2012-07-01,2008-12-27,BI_RB,BK-R50B-62,False,2012-07-01,2008-12-27,BI_RB,Bikes,Road Bikes,Yes
129,338,BI-RB-BK-R50B-44,Road-650 Black- 44,413.0,R,2011-07-01,2007-12-28,BI_RB,BK-R50B-44,False,2011-07-01,2007-12-28,BI_RB,Bikes,Road Bikes,Yes
130,339,BI-RB-BK-R50B-44,Road-650 Black- 44,487.0,R,2012-07-01,2008-12-27,BI_RB,BK-R50B-44,False,2012-07-01,2008-12-27,BI_RB,Bikes,Road Bikes,Yes
131,340,BI-RB-BK-R50B-48,Road-650 Black- 48,413.0,R,2011-07-01,2007-12-28,BI_RB,BK-R50B-48,False,2011-07-01,2007-12-28,BI_RB,Bikes,Road Bikes,Yes
132,341,BI-RB-BK-R50B-48,Road-650 Black- 48,487.0,R,2012-07-01,2008-12-27,BI_RB,BK-R50B-48,False,2012-07-01,2008-12-27,BI_RB,Bikes,Road Bikes,Yes
133,342,BI-RB-BK-R50B-52,Road-650 Black- 52,413.0,R,2011-07-01,2007-12-28,BI_RB,BK-R50B-52,False,2011-07-01,2007-12-28,BI_RB,Bikes,Road Bikes,Yes
134,343,BI-RB-BK-R50B-52,Road-650 Black- 52,487.0,R,2012-07-01,2008-12-27,BI_RB,BK-R50B-52,False,2012-07-01,2008-12-27,BI_RB,Bikes,Road Bikes,Yes
135,344,BI-MB-BK-M82S-38,Mountain-100 Silver- 38,1912.0,M,2011-07-01,2007-12-28,BI_MB,BK-M82S-38,False,2011-07-01,2007-12-28,BI_MB,Bikes,Mountain Bikes,Yes
136,345,BI-MB-BK-M82S-42,Mountain-100 Silver- 42,1912.0,M,2011-07-01,2007-12-28,BI_MB,BK-M82S-42,False,2011-07-01,2007-12-28,BI_MB,Bikes,Mountain Bikes,Yes
137,346,BI-MB-BK-M82S-44,Mountain-100 Silver- 44,1912.0,M,2011-07-01,2007-12-28,BI_MB,BK-M82S-44,False,2011-07-01,2007-12-28,BI_MB,Bikes,Mountain Bikes,Yes
138,347,BI-MB-BK-M82S-48,Mountain-100 Silver- 48,1912.0,M,2011-07-01,2007-12-28,BI_MB,BK-M82S-48,False,2011-07-01,2007-12-28,BI_MB,Bikes,Mountain Bikes,Yes
139,348,BI-MB-BK-M82B-38,Mountain-100 Black- 38,1898.0,M,2011-07-01,2007-12-28,BI_MB,BK-M82B-38,False,2011-07-01,2007-12-28,BI_MB,Bikes,Mountain Bikes,Yes
140,349,BI-MB-BK-M82B-42,Mountain-100 Black- 42,1898.0,M,2011-07-01,2007-12-28,BI_MB,BK-M82B-42,False,2011-07-01,2007-12-28,BI_MB,Bikes,Mountain Bikes,Yes
141,350,BI-MB-BK-M82B-44,Mountain-100 Black- 44,1898.0,M,2011-07-01,2007-12-28,BI_MB,BK-M82B-44,False,2011-07-01,2007-12-28,BI_MB,Bikes,Mountain Bikes,Yes
142,351,BI-MB-BK-M82B-48,Mountain-100 Black- 48,1898.0,M,2011-07-01,2007-12-28,BI_MB,BK-M82B-48,False,2011-07-01,2007-12-28,BI_MB,Bikes,Mountain Bikes,Yes
143,352,BI-MB-BK-M68S-38,Mountain-200 Silver- 38,1118.0,M,2012-07-01,2008-12-27,BI_MB,BK-M68S-38,False,2012-07-01,2008-12-27,BI_MB,Bikes,Mountain Bikes,Yes
144,353,BI-MB-BK-M68S-38,Mountain-200 Silver- 38,1266.0,M,2013-07-01,,BI_MB,BK-M68S-38,True,2013-07-01,9999-12-31,BI_MB,Bikes,Mountain Bikes,Yes
145,354,BI-MB-BK-M68S-42,Mountain-200 Silver- 42,1118.0,M,2012-07-01,2008-12-27,BI_MB,BK-M68S-42,False,2012-07-01,2008-12-27,BI_MB,Bikes,Mountain Bikes,Yes
146,355,BI-MB-BK-M68S-42,Mountain-200 Silver- 42,1266.0,M,2013-07-01,,BI_MB,BK-M68S-42,True,2013-07-01,9999-12-31,BI_MB,Bikes,Mountain Bikes,Yes
147,356,BI-MB-BK-M68S-46,Mountain-200 Silver- 46,1118.0,M,2012-07-01,2008-12-27,BI_MB,BK-M68S-46,False,2012-07-01,2008-12-27,BI_MB,Bikes,Mountain Bikes,Yes
148,357,BI-MB-BK-M68S-46,Mountain-200 Silver- 46,1266.0,M,2013-07-01,,BI_MB,BK-M68S-46,True,2013-07-01,9999-12-31,BI_MB,Bikes,Mountain Bikes,Yes
149,358,BI-MB-BK-M68B-38,Mountain-200 Black- 38,1106.0,M,2012-07-01,2008-12-27,BI_MB,BK-M68B-38,False,2012-07-01,2008-12-27,BI_MB,Bikes,Mountain Bikes,Yes
150,359,BI-MB-BK-M68B-38,Mountain-200 Black- 38,1252.0,M,2013-07-01,,BI_MB,BK-M68B-38,True,2013-07-01,9999-12-31,BI_MB,Bikes,Mountain Bikes,Yes
151,360,BI-MB-BK-M68B-42,Mountain-200 Black- 42,1106.0,M,2012-07-01,2008-12-27,BI_MB,BK-M68B-42,False,2012-07-01,2008-12-27,BI_MB,Bikes,Mountain Bikes,Yes
152,361,BI-MB-BK-M68B-42,Mountain-200 Black- 42,1252.0,M,2013-07-01,,BI_MB,BK-M68B-42,True,2013-07-01,9999-12-31,BI_MB,Bikes,Mountain Bikes,Yes
153,362,BI-MB-BK-M68B-46,Mountain-200 Black- 46,1106.0,M,2012-07-01,2008-12-27,BI_MB,BK-M68B-46,False,2012-07-01,2008-12-27,BI_MB,Bikes,Mountain Bikes,Yes
154,363,BI-MB-BK-M68B-46,Mountain-200 Black- 46,1252.0,M,2013-07-01,,BI_MB,BK-M68B-46,True,2013-07-01,9999-12-31,BI_MB,Bikes,Mountain Bikes,Yes
155,364,BI-MB-BK-M47B-38,Mountain-300 Black- 38,598.0,M,2012-07-01,2008-12-27,BI_MB,BK-M47B-38,False,2012-07-01,2008-12-27,BI_MB,Bikes,Mountain Bikes,Yes
156,365,BI-MB-BK-M47B-40,Mountain-300 Black- 40,598.0,M,2012-07-01,2008-12-27,BI_MB,BK-M47B-40,False,2012-07-01,2008-12-27,BI_MB,Bikes,Mountain Bikes,Yes
157,366,BI-MB-BK-M47B-44,Mountain-300 Black- 44,598.0,M,2012-07-01,2008-12-27,BI_MB,BK-M47B-44,False,2012-07-01,2008-12-27,BI_MB,Bikes,Mountain Bikes,Yes
158,367,BI-MB-BK-M47B-48,Mountain-300 Black- 48,598.0,M,2012-07-01,2008-12-27,BI_MB,BK-M47B-48,False,2012-07-01,2008-12-27,BI_MB,Bikes,Mountain Bikes,Yes
159,368,BI-RB-BK-R89R-44,Road-250 Red- 44,1519.0,R,2012-07-01,2008-12-27,BI_RB,BK-R89R-44,False,2012-07-01,2008-12-27,BI_RB,Bikes,Road Bikes,Yes
160,369,BI-RB-BK-R89R-48,Road-250 Red- 48,1519.0,R,2012-07-01,2008-12-27,BI_RB,BK-R89R-48,False,2012-07-01,2008-12-27,BI_RB,Bikes,Road Bikes,Yes
161,370,BI-RB-BK-R89R-52,Road-250 Red- 52,1519.0,R,2012-07-01,2008-12-27,BI_RB,BK-R89R-52,False,2012-07-01,2008-12-27,BI_RB,Bikes,Road Bikes,Yes
162,371,BI-RB-BK-R89R-58,Road-250 Red- 58,1321.0,R,2012-07-01,2008-12-27,BI_RB,BK-R89R-58,False,2012-07-01,2008-12-27,BI_RB,Bikes,Road Bikes,Yes
163,372,BI-RB-BK-R89R-58,Road-250 Red- 58,1555.0,R,2013-07-01,,BI_RB,BK-R89R-58,True,2013-07-01,9999-12-31,BI_RB,Bikes,Road Bikes,Yes
164,373,BI-RB-BK-R89B-44,Road-250 Black- 44,1321.0,R,2012-07-01,2008-12-27,BI_RB,BK-R89B-44,False,2012-07-01,2008-12-27,BI_RB,Bikes,Road Bikes,Yes
165,374,BI-RB-BK-R89B-44,Road-250 Black- 44,1555.0,R,2013-07-01,,BI_RB,BK-R89B-44,True,2013-07-01,9999-12-31,BI_RB,Bikes,Road Bikes,Yes
166,375,BI-RB-BK-R89B-48,Road-250 Black- 48,1321.0,R,2012-07-01,2008-12-27,BI_RB,BK-R89B-48,False,2012-07-01,2008-12-27,BI_RB,Bikes,Road Bikes,Yes
167,376,BI-RB-BK-R89B-48,Road-250 Black- 48,1555.0,R,2013-07-01,,BI_RB,BK-R89B-48,True,2013-07-01,9999-12-31,BI_RB,Bikes,Road Bikes,Yes
168,377,BI-RB-BK-R89B-52,Road-250 Black- 52,1321.0,R,2012-07-01,2008-12-27,BI_RB,BK-R89B-52,False,2012-07-01,2008-12-27,BI_RB,Bikes,Road Bikes,Yes
169,378,BI-RB-BK-R89B-52,Road-250 Black- 52,1555.0,R,2013-07-01,,BI_RB,BK-R89B-52,True,2013-07-01,9999-12-31,BI_RB,Bikes,Road Bikes,Yes
170,379,BI-RB-BK-R89B-58,Road-250 Black- 58,1321.0,R,2012-07-01,2008-12-27,BI_RB,BK-R89B-58,False,2012-07-01,2008-12-27,BI_RB,Bikes,Road Bikes,Yes
171,380,BI-RB-BK-R89B-58,Road-250 Black- 58,1555.0,R,2013-07-01,,BI_RB,BK-R89B-58,True,2013-07-01,9999-12-31,BI_RB,Bikes,Road Bikes,Yes
172,381,BI-RB-BK-R64Y-38,Road-550-W Yellow- 38,606.0,R,2012-07-01,2008-12-27,BI_RB,BK-R64Y-38,False,2012-07-01,2008-12-27,BI_RB,Bikes,Road Bikes,Yes
173,382,BI-RB-BK-R64Y-38,Road-550-W Yellow- 38,713.0,R,2013-07-01,,BI_RB,BK-R64Y-38,True,2013-07-01,9999-12-31,BI_RB,Bikes,Road Bikes,Yes
174,383,BI-RB-BK-R64Y-40,Road-550-W Yellow- 40,606.0,R,2012-07-01,2008-12-27,BI_RB,BK-R64Y-40,False,2012-07-01,2008-12-27,BI_RB,Bikes,Road Bikes,Yes
175,384,BI-RB-BK-R64Y-40,Road-550-W Yellow- 40,713.0,R,2013-07-01,,BI_RB,BK-R64Y-40,True,2013-07-01,9999-12-31,BI_RB,Bikes,Road Bikes,Yes
176,385,BI-RB-BK-R64Y-42,Road-550-W Yellow- 42,606.0,R,2012-07-01,2008-12-27,BI_RB,BK-R64Y-42,False,2012-07-01,2008-12-27,BI_RB,Bikes,Road Bikes,Yes
177,386,BI-RB-BK-R64Y-42,Road-550-W Yellow- 42,713.0,R,2013-07-01,,BI_RB,BK-R64Y-42,True,2013-07-01,9999-12-31,BI_RB,Bikes,Road Bikes,Yes
178,387,BI-RB-BK-R64Y-44,Road-550-W Yellow- 44,606.0,R,2012-07-01,2008-12-27,BI_RB,BK-R64Y-44,False,2012-07-01,2008-12-27,BI_RB,Bikes,Road Bikes,Yes
179,388,BI-RB-BK-R64Y-44,Road-550-W Yellow- 44,713.0,R,2013-07-01,,BI_RB,BK-R64Y-44,True,2013-07-01,9999-12-31,BI_RB,Bikes,Road Bikes,Yes
180,389,BI-RB-BK-R64Y-48,Road-550-W Yellow- 48,606.0,R,2012-07-01,2008-12-27,BI_RB,BK-R64Y-48,False,2012-07-01,2008-12-27,BI_RB,Bikes,Road Bikes,Yes
181,390,BI-RB-BK-R64Y-48,Road-550-W Yellow- 48,713.0,R,2013-07-01,,BI_RB,BK-R64Y-48,True,2013-07-01,9999-12-31,BI_RB,Bikes,Road Bikes,Yes
182,391,CO-FO-FK-1639,LL Fork,66.0,,2012-07-01,2008-12-27,CO_FO,FK-1639,False,2012-07-01,2008-12-27,CO_FO,Components,Forks,Yes
183,392,CO-FO-FK-5136,ML Fork,78.0,,2012-07-01,2008-12-27,CO_FO,FK-5136,False,2012-07-01,2008-12-27,CO_FO,Components,Forks,Yes
184,393,CO-FO-FK-9939,HL Fork,102.0,,2012-07-01,2008-12-27,CO_FO,FK-9939,False,2012-07-01,2008-12-27,CO_FO,Components,Forks,Yes
185,394,CO-HS-HS-0296,LL Headset,15.0,,2012-07-01,2008-12-27,CO_HS,HS-0296,False,2012-07-01,2008-12-27,CO_HS,Components,Headsets,No
186,395,CO-HS-HS-2451,ML Headset,45.0,,2012-07-01,2008-12-27,CO_HS,HS-2451,False,2012-07-01,2008-12-27,CO_HS,Components,Headsets,No
187,396,CO-HS-HS-3479,HL Headset,55.0,,2012-07-01,2008-12-27,CO_HS,HS-3479,False,2012-07-01,2008-12-27,CO_HS,Components,Headsets,No
188,397,CO-HB-HB-M243,LL Mountain Handlebars,18.0,M,2012-07-01,2008-12-27,CO_HB,HB-M243,False,2012-07-01,2008-12-27,CO_HB,Components,Handlebars,No
189,398,CO-HB-HB-M243,LL Mountain Handlebars,20.0,M,2013-07-01,,CO_HB,HB-M243,True,2013-07-01,9999-12-31,CO_HB,Components,Handlebars,No
190,399,CO-HB-HB-M763,ML Mountain Handlebars,25.0,M,2012-07-01,2008-12-27,CO_HB,HB-M763,False,2012-07-01,2008-12-27,CO_HB,Components,Handlebars,No
191,400,CO-HB-HB-M763,ML Mountain Handlebars,27.0,M,2013-07-01,,CO_HB,HB-M763,True,2013-07-01,9999-12-31,CO_HB,Components,Handlebars,No
192,401,CO-HB-HB-M918,HL Mountain Handlebars,49.0,M,2012-07-01,2008-12-27,CO_HB,HB-M918,False,2012-07-01,2008-12-27,CO_HB,Components,Handlebars,No
193,402,CO-HB-HB-M918,HL Mountain Handlebars,53.0,M,2013-07-01,,CO_HB,HB-M918,True,2013-07-01,9999-12-31,CO_HB,Components,Handlebars,No
194,403,CO-HB-HB-R504,LL Road Handlebars,18.0,R,2012-07-01,2008-12-27,CO_HB,HB-R504,False,2012-07-01,2008-12-27,CO_HB,Components,Handlebars,No
195,404,CO-HB-HB-R504,LL Road Handlebars,20.0,R,2013-07-01,,CO_HB,HB-R504,True,2013-07-01,9999-12-31,CO_HB,Components,Handlebars,No
196,405,CO-HB-HB-R720,ML Road Handlebars,25.0,R,2012-07-01,2008-12-27,CO_HB,HB-R720,False,2012-07-01,2008-12-27,CO_HB,Components,Handlebars,No
197,406,CO-HB-HB-R720,ML Road Handlebars,27.0,R,2013-07-01,,CO_HB,HB-R720,True,2013-07-01,9999-12-31,CO_HB,Components,Handlebars,No
198,407,CO-HB-HB-R956,HL Road Handlebars,49.0,R,2012-07-01,2008-12-27,CO_HB,HB-R956,False,2012-07-01,2008-12-27,CO_HB,Components,Handlebars,No
199,408,CO-HB-HB-R956,HL Road Handlebars,53.0,R,2013-07-01,,CO_HB,HB-R956,True,2013-07-01,9999-12-31,CO_HB,Components,Handlebars,No
200,409,CO-MF-FR-M63B-38,ML Mountain Frame - Black- 38,186.0,M,2012-07-01,2008-12-27,CO_MF,FR-M63B-38,False,2012-07-01,2008-12-27,CO_MF,Components,Mountain Frames,Yes
201,410,CO-WH-FW-M423,LL Mountain Front Wheel,27.0,M,2012-07-01,2008-12-27,CO_WH,FW-M423,False,2012-07-01,2008-12-27,CO_WH,Components,Wheels,Yes
202,411,CO-WH-FW-M762,ML Mountain Front Wheel,93.0,M,2012-07-01,2008-12-27,CO_WH,FW-M762,False,2012-07-01,2008-12-27,CO_WH,Components,Wheels,Yes
203,412,CO-WH-FW-M928,HL Mountain Front Wheel,133.0,M,2012-07-01,2008-12-27,CO_WH,FW-M928,False,2012-07-01,2008-12-27,CO_WH,Components,Wheels,Yes
204,413,CO-WH-FW-R623,LL Road Front Wheel,38.0,R,2012-07-01,2008-12-27,CO_WH,FW-R623,False,2012-07-01,2008-12-27,CO_WH,Components,Wheels,Yes
205,414,CO-WH-FW-R762,ML Road Front Wheel,110.0,R,2012-07-01,2008-12-27,CO_WH,FW-R762,False,2012-07-01,2008-12-27,CO_WH,Components,Wheels,Yes
206,415,CO-WH-FW-R820,HL Road Front Wheel,147.0,R,2012-07-01,2008-12-27,CO_WH,FW-R820,False,2012-07-01,2008-12-27,CO_WH,Components,Wheels,Yes
207,416,CO-WH-FW-T905,Touring Front Wheel,97.0,T,2012-07-01,2008-12-27,CO_WH,FW-T905,False,2012-07-01,2008-12-27,CO_WH,Components,Wheels,Yes
208,417,CO-RF-FR-R72Y-38,ML Road Frame-W - Yellow- 38,300.0,R,2012-07-01,2008-12-27,CO_RF,FR-R72Y-38,False,2012-07-01,2008-12-27,CO_RF,Components,Road Frames,Yes
209,418,CO-RF-FR-R72Y-38,ML Road Frame-W - Yellow- 38,361.0,R,2013-07-01,,CO_RF,FR-R72Y-38,True,2013-07-01,9999-12-31,CO_RF,Components,Road Frames,Yes
210,419,CO-WH-RW-M423,LL Mountain Rear Wheel,39.0,M,2012-07-01,2008-12-27,CO_WH,RW-M423,False,2012-07-01,2008-12-27,CO_WH,Components,Wheels,Yes
211,420,CO-WH-RW-M762,ML Mountain Rear Wheel,105.0,M,2012-07-01,2008-12-27,CO_WH,RW-M762,False,2012-07-01,2008-12-27,CO_WH,Components,Wheels,Yes
212,421,CO-WH-RW-M928,HL Mountain Rear Wheel,145.0,M,2012-07-01,2008-12-27,CO_WH,RW-M928,False,2012-07-01,2008-12-27,CO_WH,Components,Wheels,Yes
213,422,CO-WH-RW-R623,LL Road Rear Wheel,50.0,R,2012-07-01,2008-12-27,CO_WH,RW-R623,False,2012-07-01,2008-12-27,CO_WH,Components,Wheels,Yes
214,423,CO-WH-RW-R762,ML Road Rear Wheel,122.0,R,2012-07-01,2008-12-27,CO_WH,RW-R762,False,2012-07-01,2008-12-27,CO_WH,Components,Wheels,Yes
215,424,CO-WH-RW-R820,HL Road Rear Wheel,159.0,R,2012-07-01,2008-12-27,CO_WH,RW-R820,False,2012-07-01,2008-12-27,CO_WH,Components,Wheels,Yes
216,425,CO-WH-RW-T905,Touring Rear Wheel,109.0,T,2012-07-01,2008-12-27,CO_WH,RW-T905,False,2012-07-01,2008-12-27,CO_WH,Components,Wheels,Yes
217,426,CO-MF-FR-M63B-40,ML Mountain Frame - Black- 40,186.0,M,2012-07-01,2008-12-27,CO_MF,FR-M63B-40,False,2012-07-01,2008-12-27,CO_MF,Components,Mountain Frames,Yes
218,427,CO-MF-FR-M63B-44,ML Mountain Frame - Black- 44,186.0,M,2012-07-01,2008-12-27,CO_MF,FR-M63B-44,False,2012-07-01,2008-12-27,CO_MF,Components,Mountain Frames,Yes
219,428,CO-MF-FR-M63B-48,ML Mountain Frame - Black- 48,186.0,M,2012-07-01,2008-12-27,CO_MF,FR-M63B-48,False,2012-07-01,2008-12-27,CO_MF,Components,Mountain Frames,Yes
220,429,CO-RF-FR-R72Y-40,ML Road Frame-W - Yellow- 40,300.0,R,2012-07-01,2008-12-27,CO_RF,FR-R72Y-40,False,2012-07-01,2008-12-27,CO_RF,Components,Road Frames,Yes
221,430,CO-RF-FR-R72Y-40,ML Road Frame-W - Yellow- 40,361.0,R,2013-07-01,,CO_RF,FR-R72Y-40,True,2013-07-01,9999-12-31,CO_RF,Components,Road Frames,Yes
222,431,CO-RF-FR-R72Y-42,ML Road Frame-W - Yellow- 42,300.0,R,2012-07-01,2008-12-27,CO_RF,FR-R72Y-42,False,2012-07-01,2008-12-27,CO_RF,Components,Road Frames,Yes
223,432,CO-RF-FR-R72Y-42,ML Road Frame-W - Yellow- 42,361.0,R,2013-07-01,,CO_RF,FR-R72Y-42,True,2013-07-01,9999-12-31,CO_RF,Components,Road Frames,Yes
224,433,CO-RF-FR-R72Y-44,ML Road Frame-W - Yellow- 44,300.0,R,2012-07-01,2008-12-27,CO_RF,FR-R72Y-44,False,2012-07-01,2008-12-27,CO_RF,Components,Road Frames,Yes
225,434,CO-RF-FR-R72Y-44,ML Road Frame-W - Yellow- 44,361.0,R,2013-07-01,,CO_RF,FR-R72Y-44,True,2013-07-01,9999-12-31,CO_RF,Components,Road Frames,Yes
226,435,CO-RF-FR-R72Y-48,ML Road Frame-W - Yellow- 48,300.0,R,2012-07-01,2008-12-27,CO_RF,FR-R72Y-48,False,2012-07-01,2008-12-27,CO_RF,Components,Road Frames,Yes
227,436,CO-RF-FR-R72Y-48,ML Road Frame-W - Yellow- 48,361.0,R,2013-07-01,,CO_RF,FR-R72Y-48,True,2013-07-01,9999-12-31,CO_RF,Components,Road Frames,Yes
228,437,CO-RF-FR-R92B-62,HL Road Frame - Black- 62,722.0,R,2012-07-01,2008-12-27,CO_RF,FR-R92B-62,False,2012-07-01,2008-12-27,CO_RF,Components,Road Frames,Yes
229,438,CO-RF-FR-R92B-62,HL Road Frame - Black- 62,869.0,R,2013-07-01,,CO_RF,FR-R92B-62,True,2013-07-01,9999-12-31,CO_RF,Components,Road Frames,Yes
230,439,CO-RF-FR-R92B-44,HL Road Frame - Black- 44,722.0,R,2012-07-01,2008-12-27,CO_RF,FR-R92B-44,False,2012-07-01,2008-12-27,CO_RF,Components,Road Frames,Yes
231,440,CO-RF-FR-R92B-44,HL Road Frame - Black- 44,869.0,R,2013-07-01,,CO_RF,FR-R92B-44,True,2013-07-01,9999-12-31,CO_RF,Components,Road Frames,Yes
232,441,CO-RF-FR-R92B-48,HL Road Frame - Black- 48,722.0,R,2012-07-01,2008-12-27,CO_RF,FR-R92B-48,False,2012-07-01,2008-12-27,CO_RF,Components,Road Frames,Yes
233,442,CO-RF-FR-R92B-48,HL Road Frame - Black- 48,869.0,R,2013-07-01,,CO_RF,FR-R92B-48,True,2013-07-01,9999-12-31,CO_RF,Components,Road Frames,Yes
234,443,CO-RF-FR-R92B-52,HL Road Frame - Black- 52,722.0,R,2012-07-01,2008-12-27,CO_RF,FR-R92B-52,False,2012-07-01,2008-12-27,CO_RF,Components,Road Frames,Yes
235,444,CO-RF-FR-R92B-52,HL Road Frame - Black- 52,869.0,R,2013-07-01,,CO_RF,FR-R92B-52,True,2013-07-01,9999-12-31,CO_RF,Components,Road Frames,Yes
236,445,CL-SH-SH-M897-S,Men's Sports Shorts- S,25.0,S,2012-07-01,2008-12-27,CL_SH,SH-M897-S,False,2012-07-01,2008-12-27,CL_SH,Clothing,Shorts,No
237,446,AC-PA-PA-T100,Touring-Panniers- Large,52.0,T,2012-07-01,2008-12-27,AC_PA,PA-T100,False,2012-07-01,2008-12-27,AC_PA,Accessories,Panniers,No
238,447,AC-LO-LO-C100,Cable Lock,10.0,S,2012-07-01,2008-12-27,AC_LO,LO-C100,False,2012-07-01,2008-12-27,AC_LO,Accessories,Locks,Yes
239,448,AC-PU-PU-0452,Minipump,8.0,S,2012-07-01,2008-12-27,AC_PU,PU-0452,False,2012-07-01,2008-12-27,AC_PU,Accessories,Pumps,Yes
240,449,AC-PU-PU-M044,Mountain Pump,10.0,M,2012-07-01,2008-12-27,AC_PU,PU-M044,False,2012-07-01,2008-12-27,AC_PU,Accessories,Pumps,Yes
241,450,AC-LI-LT-T990,Taillights - Battery-Powered,6.0,R,2012-07-01,2008-12-27,AC_LI,LT-T990,False,2012-07-01,2008-12-27,AC_LI,Accessories,Lights,Yes
242,451,AC-LI-LT-H902,Headlights - Dual-Beam,14.0,R,2012-07-01,2008-12-27,AC_LI,LT-H902,False,2012-07-01,2008-12-27,AC_LI,Accessories,Lights,Yes
243,452,AC-LI-LT-H903,Headlights - Weatherproof,19.0,R,2012-07-01,2008-12-27,AC_LI,LT-H903,False,2012-07-01,2008-12-27,AC_LI,Accessories,Lights,Yes
244,453,CL-SH-SH-M897-M,Men's Sports Shorts- M,25.0,S,2012-07-01,2008-12-27,CL_SH,SH-M897-M,False,2012-07-01,2008-12-27,CL_SH,Clothing,Shorts,No
245,454,CL-SH-SH-M897-L,Men's Sports Shorts- L,25.0,S,2012-07-01,2008-12-27,CL_SH,SH-M897-L,False,2012-07-01,2008-12-27,CL_SH,Clothing,Shorts,No
246,455,CL-SH-SH-M897-X,Men's Sports Shorts- XL,25.0,S,2012-07-01,2008-12-27,CL_SH,SH-M897-X,False,2012-07-01,2008-12-27,CL_SH,Clothing,Shorts,No
247,456,CL-TI-TG-W091-S,Women's Tights- S,31.0,S,2012-07-01,2008-12-27,CL_TI,TG-W091-S,False,2012-07-01,2008-12-27,CL_TI,Clothing,Tights,No
248,457,CL-TI-TG-W091-M,Women's Tights- M,31.0,S,2012-07-01,2008-12-27,CL_TI,TG-W091-M,False,2012-07-01,2008-12-27,CL_TI,Clothing,Tights,No
249,458,CL-TI-TG-W091-L,Women's Tights- L,31.0,S,2012-07-01,2008-12-27,CL_TI,TG-W091-L,False,2012-07-01,2008-12-27,CL_TI,Clothing,Tights,No
250,459,CL-BS-SB-M891-S,Men's Bib-Shorts- S,37.0,S,2012-07-01,2008-12-27,CL_BS,SB-M891-S,False,2012-07-01,2008-12-27,CL_BS,Clothing,Bib-Shorts,No
251,460,CL-BS-SB-M891-M,Men's Bib-Shorts- M,37.0,S,2012-07-01,2008-12-27,CL_BS,SB-M891-M,False,2012-07-01,2008-12-27,CL_BS,Clothing,Bib-Shorts,No
252,461,CL-BS-SB-M891-L,Men's Bib-Shorts- L,37.0,S,2012-07-01,2008-12-27,CL_BS,SB-M891-L,False,2012-07-01,2008-12-27,CL_BS,Clothing,Bib-Shorts,No
253,462,CL-GL-GL-H102-S,Half-Finger Gloves- S,10.0,S,2012-07-01,2008-12-27,CL_GL,GL-H102-S,False,2012-07-01,2008-12-27,CL_GL,Clothing,Gloves,No
254,463,CL-GL-GL-H102-S,Half-Finger Gloves- S,9.0,S,2013-07-01,,CL_GL,GL-H102-S,True,2013-07-01,9999-12-31,CL_GL,Clothing,Gloves,No
255,464,CL-GL-GL-H102-M,Half-Finger Gloves- M,10.0,S,2012-07-01,2008-12-27,CL_GL,GL-H102-M,False,2012-07-01,2008-12-27,CL_GL,Clothing,Gloves,No
256,465,CL-GL-GL-H102-M,Half-Finger Gloves- M,9.0,S,2013-07-01,,CL_GL,GL-H102-M,True,2013-07-01,9999-12-31,CL_GL,Clothing,Gloves,No
257,466,CL-GL-GL-H102-L,Half-Finger Gloves- L,10.0,S,2012-07-01,2008-12-27,CL_GL,GL-H102-L,False,2012-07-01,2008-12-27,CL_GL,Clothing,Gloves,No
258,467,CL-GL-GL-H102-L,Half-Finger Gloves- L,9.0,S,2013-07-01,,CL_GL,GL-H102-L,True,2013-07-01,9999-12-31,CL_GL,Clothing,Gloves,No
259,468,CL-GL-GL-F110-S,Full-Finger Gloves- S,16.0,M,2012-07-01,2008-12-27,CL_GL,GL-F110-S,False,2012-07-01,2008-12-27,CL_GL,Clothing,Gloves,No
260,469,CL-GL-GL-F110-M,Full-Finger Gloves- M,16.0,M,2012-07-01,2008-12-27,CL_GL,GL-F110-M,False,2012-07-01,2008-12-27,CL_GL,Clothing,Gloves,No
261,470,CL-GL-GL-F110-L,Full-Finger Gloves- L,16.0,M,2012-07-01,2008-12-27,CL_GL,GL-F110-L,False,2012-07-01,2008-12-27,CL_GL,Clothing,Gloves,No
262,471,CL-VE-VE-C304-S,Classic Vest- S,24.0,S,2013-07-01,,CL_VE,VE-C304-S,True,2013-07-01,9999-12-31,CL_VE,Clothing,Vests,No
263,472,CL-VE-VE-C304-M,Classic Vest- M,24.0,S,2013-07-01,,CL_VE,VE-C304-M,True,2013-07-01,9999-12-31,CL_VE,Clothing,Vests,No
264,473,CL-VE-VE-C304-L,Classic Vest- L,24.0,S,2013-07-01,,CL_VE,VE-C304-L,True,2013-07-01,9999-12-31,CL_VE,Clothing,Vests,No
265,474,CL-SH-SH-W890-S,Women's Mountain Shorts- S,26.0,M,2013-07-01,,CL_SH,SH-W890-S,True,2013-07-01,9999-12-31,CL_SH,Clothing,Shorts,No
266,475,CL-SH-SH-W890-M,Women's Mountain Shorts- M,26.0,M,2013-07-01,,CL_SH,SH-W890-M,True,2013-07-01,9999-12-31,CL_SH,Clothing,Shorts,No
267,476,CL-SH-SH-W890-L,Women's Mountain Shorts- L,26.0,M,2013-07-01,,CL_SH,SH-W890-L,True,2013-07-01,9999-12-31,CL_SH,Clothing,Shorts,No
268,477,AC-BC-WB-H098,Water Bottle - 30 oz.,2.0,S,2013-07-01,,AC_BC,WB-H098,True,2013-07-01,9999-12-31,AC_BC,Accessories,Bottles and Cages,No
269,478,AC-BC-BC-M005,Mountain Bottle Cage,4.0,M,2013-07-01,,AC_BC,BC-M005,True,2013-07-01,9999-12-31,AC_BC,Accessories,Bottles and Cages,No
270,479,AC-BC-BC-R205,Road Bottle Cage,3.0,R,2013-07-01,,AC_BC,BC-R205,True,2013-07-01,9999-12-31,AC_BC,Accessories,Bottles and Cages,No
271,480,AC-TT-PK-7098,Patch Kit/8 Patches,1.0,S,2013-07-01,,AC_TT,PK-7098,True,2013-07-01,9999-12-31,AC_TT,Accessories,Tires and Tubes,Yes
272,481,CL-SO-SO-R809-M,Racing Socks- M,3.0,R,2013-07-01,,CL_SO,SO-R809-M,True,2013-07-01,9999-12-31,CL_SO,Clothing,Socks,No
273,482,CL-SO-SO-R809-L,Racing Socks- L,3.0,R,2013-07-01,,CL_SO,SO-R809-L,True,2013-07-01,9999-12-31,CL_SO,Clothing,Socks,No
274,483,AC-BR-RA-H123,Hitch Rack - 4-Bike,45.0,S,2013-07-01,,AC_BR,RA-H123,True,2013-07-01,9999-12-31,AC_BR,Accessories,Bike Racks,Yes
275,484,AC-CL-CL-9009,Bike Wash - Dissolver,3.0,S,2013-07-01,,AC_CL,CL-9009,True,2013-07-01,9999-12-31,AC_CL,Accessories,Cleaners,Yes
276,485,AC-FE-FE-6654,Fender Set - Mountain,8.0,M,2013-07-01,,AC_FE,FE-6654,True,2013-07-01,9999-12-31,AC_FE,Accessories,Fenders,No
277,486,AC-BS-ST-1401,All-Purpose Bike Stand,59.0,M,2013-07-01,,AC_BS,ST-1401,True,2013-07-01,9999-12-31,AC_BS,Accessories,Bike Stands,No
278,487,AC-HP-HY-1023-70,Hydration Pack - 70 oz.,21.0,S,2013-07-01,,AC_HP,HY-1023-70,True,2013-07-01,9999-12-31,AC_HP,Accessories,Hydration Packs,No
279,488,CL-JE-SJ-0194-S,Short-Sleeve Classic Jersey- S,42.0,S,2013-07-01,,CL_JE,SJ-0194-S,True,2013-07-01,9999-12-31,CL_JE,Clothing,Jerseys,No
280,489,CL-JE-SJ-0194-M,Short-Sleeve Classic Jersey- M,42.0,S,2013-07-01,,CL_JE,SJ-0194-M,True,2013-07-01,9999-12-31,CL_JE,Clothing,Jerseys,No
281,490,CL-JE-SJ-0194-L,Short-Sleeve Classic Jersey- L,42.0,S,2013-07-01,,CL_JE,SJ-0194-L,True,2013-07-01,9999-12-31,CL_JE,Clothing,Jerseys,No
282,491,CL-JE-SJ-0194-X,Short-Sleeve Classic Jersey- XL,42.0,S,2013-07-01,,CL_JE,SJ-0194-X,True,2013-07-01,9999-12-31,CL_JE,Clothing,Jerseys,No
283,492,CO-TF-FR-T98Y-60,HL Touring Frame - Yellow- 60,602.0,T,2013-07-01,,CO_TF,FR-T98Y-60,True,2013-07-01,9999-12-31,CO_TF,Components,Touring Frames,Yes
284,493,CO-TF-FR-T67Y-62,LL Touring Frame - Yellow- 62,200.0,T,2013-07-01,,CO_TF,FR-T67Y-62,True,2013-07-01,9999-12-31,CO_TF,Components,Touring Frames,Yes
285,494,CO-TF-FR-T98Y-46,HL Touring Frame - Yellow- 46,602.0,T,2013-07-01,,CO_TF,FR-T98Y-46,True,2013-07-01,9999-12-31,CO_TF,Components,Touring Frames,Yes
286,495,CO-TF-FR-T98Y-50,HL Touring Frame - Yellow- 50,602.0,T,2013-07-01,,CO_TF,FR-T98Y-50,True,2013-07-01,9999-12-31,CO_TF,Components,Touring Frames,Yes
287,496,CO-TF-FR-T98Y-54,HL Touring Frame - Yellow- 54,602.0,T,2013-07-01,,CO_TF,FR-T98Y-54,True,2013-07-01,9999-12-31,CO_TF,Components,Touring Frames,Yes
288,497,CO-TF-FR-T98U-46,HL Touring Frame - Blue- 46,602.0,T,2013-07-01,,CO_TF,FR-T98U-46,True,2013-07-01,9999-12-31,CO_TF,Components,Touring Frames,Yes
289,498,CO-TF-FR-T98U-50,HL Touring Frame - Blue- 50,602.0,T,2013-07-01,,CO_TF,FR-T98U-50,True,2013-07-01,9999-12-31,CO_TF,Components,Touring Frames,Yes
290,499,CO-TF-FR-T98U-54,HL Touring Frame - Blue- 54,602.0,T,2013-07-01,,CO_TF,FR-T98U-54,True,2013-07-01,9999-12-31,CO_TF,Components,Touring Frames,Yes
291,500,CO-TF-FR-T98U-60,HL Touring Frame - Blue- 60,602.0,T,2013-07-01,,CO_TF,FR-T98U-60,True,2013-07-01,9999-12-31,CO_TF,Components,Touring Frames,Yes
292,501,CO-DE-RD-2308,Rear Derailleur,54.0,,2013-07-01,,CO_DE,RD-2308,True,2013-07-01,9999-12-31,CO_DE,Components,Derailleurs,Yes
293,502,CO-TF-FR-T67U-50,LL Touring Frame - Blue- 50,200.0,T,2013-07-01,,CO_TF,FR-T67U-50,True,2013-07-01,9999-12-31,CO_TF,Components,Touring Frames,Yes
294,503,CO-TF-FR-T67U-54,LL Touring Frame - Blue- 54,200.0,T,2013-07-01,,CO_TF,FR-T67U-54,True,2013-07-01,9999-12-31,CO_TF,Components,Touring Frames,Yes
295,504,CO-TF-FR-T67U-58,LL Touring Frame - Blue- 58,200.0,T,2013-07-01,,CO_TF,FR-T67U-58,True,2013-07-01,9999-12-31,CO_TF,Components,Touring Frames,Yes
296,505,CO-TF-FR-T67U-62,LL Touring Frame - Blue- 62,200.0,T,2013-07-01,,CO_TF,FR-T67U-62,True,2013-07-01,9999-12-31,CO_TF,Components,Touring Frames,Yes
297,506,CO-TF-FR-T67Y-44,LL Touring Frame - Yellow- 44,200.0,T,2013-07-01,,CO_TF,FR-T67Y-44,True,2013-07-01,9999-12-31,CO_TF,Components,Touring Frames,Yes
298,507,CO-TF-FR-T67Y-50,LL Touring Frame - Yellow- 50,200.0,T,2013-07-01,,CO_TF,FR-T67Y-50,True,2013-07-01,9999-12-31,CO_TF,Components,Touring Frames,Yes
299,508,CO-TF-FR-T67Y-54,LL Touring Frame - Yellow- 54,200.0,T,2013-07-01,,CO_TF,FR-T67Y-54,True,2013-07-01,9999-12-31,CO_TF,Components,Touring Frames,Yes
300,509,CO-TF-FR-T67Y-58,LL Touring Frame - Yellow- 58,200.0,T,2013-07-01,,CO_TF,FR-T67Y-58,True,2013-07-01,9999-12-31,CO_TF,Components,Touring Frames,Yes
301,510,CO-TF-FR-T67U-44,LL Touring Frame - Blue- 44,200.0,T,2013-07-01,,CO_TF,FR-T67U-44,True,2013-07-01,9999-12-31,CO_TF,Components,Touring Frames,Yes
302,511,CO-MF-FR-M63S-40,ML Mountain Frame-W - Silver- 40,199.0,M,2013-07-01,,CO_MF,FR-M63S-40,True,2013-07-01,9999-12-31,CO_MF,Components,Mountain Frames,Yes
303,512,CO-MF-FR-M63S-42,ML Mountain Frame-W - Silver- 42,199.0,M,2013-07-01,,CO_MF,FR-M63S-42,True,2013-07-01,9999-12-31,CO_MF,Components,Mountain Frames,Yes
304,513,CO-MF-FR-M63S-46,ML Mountain Frame-W - Silver- 46,199.0,M,2013-07-01,,CO_MF,FR-M63S-46,True,2013-07-01,9999-12-31,CO_MF,Components,Mountain Frames,Yes
305,514,CO-BR-RB-9231,Rear Brakes,47.0,,2013-07-01,,CO_BR,RB-9231,True,2013-07-01,9999-12-31,CO_BR,Components,Brakes,Yes
306,515,CO-SA-SE-M236,LL Mountain Seat/Saddle,12.0,M,2013-07-01,,CO_SA,SE-M236,True,2013-07-01,9999-12-31,CO_SA,Components,Saddles,No
307,516,CO-SA-SE-M798,ML Mountain Seat/Saddle,17.0,M,2013-07-01,,CO_SA,SE-M798,True,2013-07-01,9999-12-31,CO_SA,Components,Saddles,No
308,517,CO-SA-SE-M940,HL Mountain Seat/Saddle,23.0,M,2013-07-01,,CO_SA,SE-M940,True,2013-07-01,9999-12-31,CO_SA,Components,Saddles,No
309,518,CO-SA-SE-R581,LL Road Seat/Saddle,12.0,R,2013-07-01,,CO_SA,SE-R581,True,2013-07-01,9999-12-31,CO_SA,Components,Saddles,No
310,519,CO-SA-SE-R908,ML Road Seat/Saddle,17.0,T,2013-07-01,,CO_SA,SE-R908,True,2013-07-01,9999-12-31,CO_SA,Components,Saddles,No
311,520,CO-SA-SE-R995,HL Road Seat/Saddle,23.0,R,2013-07-01,,CO_SA,SE-R995,True,2013-07-01,9999-12-31,CO_SA,Components,Saddles,No
312,521,CO-SA-SE-T312,LL Touring Seat/Saddle,12.0,T,2013-07-01,,CO_SA,SE-T312,True,2013-07-01,9999-12-31,CO_SA,Components,Saddles,No
313,522,CO-SA-SE-T762,ML Touring Seat/Saddle,17.0,T,2013-07-01,,CO_SA,SE-T762,True,2013-07-01,9999-12-31,CO_SA,Components,Saddles,No
314,523,CO-SA-SE-T924,HL Touring Seat/Saddle,23.0,T,2013-07-01,,CO_SA,SE-T924,True,2013-07-01,9999-12-31,CO_SA,Components,Saddles,No
315,524,CO-MF-FR-M21S-42,LL Mountain Frame - Silver- 42,145.0,M,2013-07-01,,CO_MF,FR-M21S-42,True,2013-07-01,9999-12-31,CO_MF,Components,Mountain Frames,Yes
316,525,CO-MF-FR-M21S-44,LL Mountain Frame - Silver- 44,145.0,M,2013-07-01,,CO_MF,FR-M21S-44,True,2013-07-01,9999-12-31,CO_MF,Components,Mountain Frames,Yes
317,526,CO-MF-FR-M21S-48,LL Mountain Frame - Silver- 48,145.0,M,2013-07-01,,CO_MF,FR-M21S-48,True,2013-07-01,9999-12-31,CO_MF,Components,Mountain Frames,Yes
318,527,CO-MF-FR-M21S-52,LL Mountain Frame - Silver- 52,145.0,M,2013-07-01,,CO_MF,FR-M21S-52,True,2013-07-01,9999-12-31,CO_MF,Components,Mountain Frames,Yes
319,528,AC-TT-TT-M928,Mountain Tire Tube,2.0,M,2013-07-01,,AC_TT,TT-M928,True,2013-07-01,9999-12-31,AC_TT,Accessories,Tires and Tubes,Yes
320,529,AC-TT-TT-R982,Road Tire Tube,1.0,R,2013-07-01,,AC_TT,TT-R982,True,2013-07-01,9999-12-31,AC_TT,Accessories,Tires and Tubes,Yes
321,530,AC-TT-TT-T092,Touring Tire Tube,2.0,T,2013-07-01,,AC_TT,TT-T092,True,2013-07-01,9999-12-31,AC_TT,Accessories,Tires and Tubes,Yes
322,531,CO-MF-FR-M21B-42,LL Mountain Frame - Black- 42,137.0,M,2013-07-01,,CO_MF,FR-M21B-42,True,2013-07-01,9999-12-31,CO_MF,Components,Mountain Frames,Yes
323,532,CO-MF-FR-M21B-44,LL Mountain Frame - Black- 44,137.0,M,2013-07-01,,CO_MF,FR-M21B-44,True,2013-07-01,9999-12-31,CO_MF,Components,Mountain Frames,Yes
324,533,CO-MF-FR-M21B-48,LL Mountain Frame - Black- 48,137.0,M,2013-07-01,,CO_MF,FR-M21B-48,True,2013-07-01,9999-12-31,CO_MF,Components,Mountain Frames,Yes
325,534,CO-MF-FR-M21B-52,LL Mountain Frame - Black- 52,137.0,M,2013-07-01,,CO_MF,FR-M21B-52,True,2013-07-01,9999-12-31,CO_MF,Components,Mountain Frames,Yes
326,535,AC-TT-TI-M267,LL Mountain Tire,9.0,M,2013-07-01,,AC_TT,TI-M267,True,2013-07-01,9999-12-31,AC_TT,Accessories,Tires and Tubes,Yes
327,536,AC-TT-TI-M602,ML Mountain Tire,11.0,M,2013-07-01,,AC_TT,TI-M602,True,2013-07-01,9999-12-31,AC_TT,Accessories,Tires and Tubes,Yes
328,537,AC-TT-TI-M823,HL Mountain Tire,13.0,M,2013-07-01,,AC_TT,TI-M823,True,2013-07-01,9999-12-31,AC_TT,Accessories,Tires and Tubes,Yes
329,538,AC-TT-TI-R092,LL Road Tire,8.0,R,2013-07-01,,AC_TT,TI-R092,True,2013-07-01,9999-12-31,AC_TT,Accessories,Tires and Tubes,Yes
330,539,AC-TT-TI-R628,ML Road Tire,9.0,R,2013-07-01,,AC_TT,TI-R628,True,2013-07-01,9999-12-31,AC_TT,Accessories,Tires and Tubes,Yes
331,540,AC-TT-TI-R982,HL Road Tire,12.0,R,2013-07-01,,AC_TT,TI-R982,True,2013-07-01,9999-12-31,AC_TT,Accessories,Tires and Tubes,Yes
332,541,AC-TT-TI-T723,Touring Tire,11.0,T,2013-07-01,,AC_TT,TI-T723,True,2013-07-01,9999-12-31,AC_TT,Accessories,Tires and Tubes,Yes
333,542,CO-PE-PD-M282,LL Mountain Pedal,18.0,M,2013-07-01,,CO_PE,PD-M282,True,2013-07-01,9999-12-31,,,,
334,543,CO-PE-PD-M340,ML Mountain Pedal,28.0,M,2013-07-01,,CO_PE,PD-M340,True,2013-07-01,9999-12-31,,,,
335,544,CO-PE-PD-M562,HL Mountain Pedal,36.0,M,2013-07-01,,CO_PE,PD-M562,True,2013-07-01,9999-12-31,,,,
336,545,CO-PE-PD-R347,LL Road Pedal,18.0,R,2013-07-01,,CO_PE,PD-R347,True,2013-07-01,9999-12-31,,,,
337,546,CO-PE-PD-R563,ML Road Pedal,28.0,R,2013-07-01,,CO_PE,PD-R563,True,2013-07-01,9999-12-31,,,,
338,547,CO-PE-PD-R853,HL Road Pedal,36.0,R,2013-07-01,,CO_PE,PD-R853,True,2013-07-01,9999-12-31,,,,
339,548,CO-PE-PD-T852,Touring Pedal,36.0,T,2013-07-01,,CO_PE,PD-T852,True,2013-07-01,9999-12-31,,,,
340,549,CO-MF-FR-M63S-38,ML Mountain Frame-W - Silver- 38,199.0,M,2013-07-01,,CO_MF,FR-M63S-38,True,2013-07-01,9999-12-31,CO_MF,Components,Mountain Frames,Yes
341,550,CO-MF-FR-M21B-40,LL Mountain Frame - Black- 40,137.0,M,2013-07-01,,CO_MF,FR-M21B-40,True,2013-07-01,9999-12-31,CO_MF,Components,Mountain Frames,Yes
342,551,CO-MF-FR-M21S-40,LL Mountain Frame - Silver- 40,145.0,M,2013-07-01,,CO_MF,FR-M21S-40,True,2013-07-01,9999-12-31,CO_MF,Components,Mountain Frames,Yes
343,552,CO-DE-FD-2342,Front Derailleur,41.0,,2013-07-01,,CO_DE,FD-2342,True,2013-07-01,9999-12-31,CO_DE,Components,Derailleurs,Yes
344,553,CO-HB-HB-T721,LL Touring Handlebars,20.0,T,2013-07-01,,CO_HB,HB-T721,True,2013-07-01,9999-12-31,CO_HB,Components,Handlebars,No
345,554,CO-HB-HB-T928,HL Touring Handlebars,41.0,T,2013-07-01,,CO_HB,HB-T928,True,2013-07-01,9999-12-31,CO_HB,Components,Handlebars,No
346,555,CO-BR-FB-9873,Front Brakes,47.0,,2013-07-01,,CO_BR,FB-9873,True,2013-07-01,9999-12-31,CO_BR,Components,Brakes,Yes
347,556,CO-CS-CS-4759,LL Crankset,78.0,,2013-07-01,,CO_CS,CS-4759,True,2013-07-01,9999-12-31,CO_CS,Components,Cranksets,Yes
348,557,CO-CS-CS-6583,ML Crankset,114.0,,2013-07-01,,CO_CS,CS-6583,True,2013-07-01,9999-12-31,CO_CS,Components,Cranksets,Yes
349,558,CO-CS-CS-9183,HL Crankset,180.0,,2013-07-01,,CO_CS,CS-9183,True,2013-07-01,9999-12-31,CO_CS,Components,Cranksets,Yes
350,559,CO-CH-CH-0234,Chain,9.0,,2013-07-01,,CO_CH,CH-0234,True,2013-07-01,9999-12-31,CO_CH,Components,Chains,Yes
351,560,BI-TB-BK-T44U-60,Touring-2000 Blue- 60,755.0,T,2013-07-01,,BI_TB,BK-T44U-60,True,2013-07-01,9999-12-31,BI_TB,Bikes,Touring Bikes,Yes
352,561,BI-TB-BK-T79Y-46,Touring-1000 Yellow- 46,1482.0,T,2013-07-01,,BI_TB,BK-T79Y-46,True,2013-07-01,9999-12-31,BI_TB,Bikes,Touring Bikes,Yes
353,562,BI-TB-BK-T79Y-50,Touring-1000 Yellow- 50,1482.0,T,2013-07-01,,BI_TB,BK-T79Y-50,True,2013-07-01,9999-12-31,BI_TB,Bikes,Touring Bikes,Yes
354,563,BI-TB-BK-T79Y-54,Touring-1000 Yellow- 54,1482.0,T,2013-07-01,,BI_TB,BK-T79Y-54,True,2013-07-01,9999-12-31,BI_TB,Bikes,Touring Bikes,Yes
355,564,BI-TB-BK-T79Y-60,Touring-1000 Yellow- 60,1482.0,T,2013-07-01,,BI_TB,BK-T79Y-60,True,2013-07-01,9999-12-31,BI_TB,Bikes,Touring Bikes,Yes
356,565,BI-TB-BK-T18U-54,Touring-3000 Blue- 54,461.0,T,2013-07-01,,BI_TB,BK-T18U-54,True,2013-07-01,9999-12-31,BI_TB,Bikes,Touring Bikes,Yes
357,566,BI-TB-BK-T18U-58,Touring-3000 Blue- 58,461.0,T,2013-07-01,,BI_TB,BK-T18U-58,True,2013-07-01,9999-12-31,BI_TB,Bikes,Touring Bikes,Yes
358,567,BI-TB-BK-T18U-62,Touring-3000 Blue- 62,461.0,T,2013-07-01,,BI_TB,BK-T18U-62,True,2013-07-01,9999-12-31,BI_TB,Bikes,Touring Bikes,Yes
359,568,BI-TB-BK-T18Y-44,Touring-3000 Yellow- 44,461.0,T,2013-07-01,,BI_TB,BK-T18Y-44,True,2013-07-01,9999-12-31,BI_TB,Bikes,Touring Bikes,Yes
360,569,BI-TB-BK-T18Y-50,Touring-3000 Yellow- 50,461.0,T,2013-07-01,,BI_TB,BK-T18Y-50,True,2013-07-01,9999-12-31,BI_TB,Bikes,Touring Bikes,Yes
361,570,BI-TB-BK-T18Y-54,Touring-3000 Yellow- 54,461.0,T,2013-07-01,,BI_TB,BK-T18Y-54,True,2013-07-01,9999-12-31,BI_TB,Bikes,Touring Bikes,Yes
362,571,BI-TB-BK-T18Y-58,Touring-3000 Yellow- 58,461.0,T,2013-07-01,,BI_TB,BK-T18Y-58,True,2013-07-01,9999-12-31,BI_TB,Bikes,Touring Bikes,Yes
363,572,BI-TB-BK-T18Y-62,Touring-3000 Yellow- 62,461.0,T,2013-07-01,,BI_TB,BK-T18Y-62,True,2013-07-01,9999-12-31,BI_TB,Bikes,Touring Bikes,Yes
364,573,BI-TB-BK-T79U-46,Touring-1000 Blue- 46,1482.0,T,2013-07-01,,BI_TB,BK-T79U-46,True,2013-07-01,9999-12-31,BI_TB,Bikes,Touring Bikes,Yes
365,574,BI-TB-BK-T79U-50,Touring-1000 Blue- 50,1482.0,T,2013-07-01,,BI_TB,BK-T79U-50,True,2013-07-01,9999-12-31,BI_TB,Bikes,Touring Bikes,Yes
366,575,BI-TB-BK-T79U-54,Touring-1000 Blue- 54,1482.0,T,2013-07-01,,BI_TB,BK-T79U-54,True,2013-07-01,9999-12-31,BI_TB,Bikes,Touring Bikes,Yes
367,576,BI-TB-BK-T79U-60,Touring-1000 Blue- 60,1482.0,T,2013-07-01,,BI_TB,BK-T79U-60,True,2013-07-01,9999-12-31,BI_TB,Bikes,Touring Bikes,Yes
368,577,BI-TB-BK-T44U-46,Touring-2000 Blue- 46,755.0,T,2013-07-01,,BI_TB,BK-T44U-46,True,2013-07-01,9999-12-31,BI_TB,Bikes,Touring Bikes,Yes
369,578,BI-TB-BK-T44U-50,Touring-2000 Blue- 50,755.0,T,2013-07-01,,BI_TB,BK-T44U-50,True,2013-07-01,9999-12-31,BI_TB,Bikes,Touring Bikes,Yes
370,579,BI-TB-BK-T44U-54,Touring-2000 Blue- 54,755.0,T,2013-07-01,,BI_TB,BK-T44U-54,True,2013-07-01,9999-12-31,BI_TB,Bikes,Touring Bikes,Yes
371,580,BI-RB-BK-R79Y-40,Road-350-W Yellow- 40,1083.0,R,2013-07-01,,BI_RB,BK-R79Y-40,True,2013-07-01,9999-12-31,BI_RB,Bikes,Road Bikes,Yes
372,581,BI-RB-BK-R79Y-42,Road-350-W Yellow- 42,1083.0,R,2013-07-01,,BI_RB,BK-R79Y-42,True,2013-07-01,9999-12-31,BI_RB,Bikes,Road Bikes,Yes
373,582,BI-RB-BK-R79Y-44,Road-350-W Yellow- 44,1083.0,R,2013-07-01,,BI_RB,BK-R79Y-44,True,2013-07-01,9999-12-31,BI_RB,Bikes,Road Bikes,Yes
374,583,BI-RB-BK-R79Y-48,Road-350-W Yellow- 48,1083.0,R,2013-07-01,,BI_RB,BK-R79Y-48,True,2013-07-01,9999-12-31,BI_RB,Bikes,Road Bikes,Yes
375,584,BI-RB-BK-R19B-58,Road-750 Black- 58,344.0,R,2013-07-01,,BI_RB,BK-R19B-58,True,2013-07-01,9999-12-31,BI_RB,Bikes,Road Bikes,Yes
376,585,BI-TB-BK-T18U-44,Touring-3000 Blue- 44,461.0,T,2013-07-01,,BI_TB,BK-T18U-44,True,2013-07-01,9999-12-31,BI_TB,Bikes,Touring Bikes,Yes
377,586,BI-TB-BK-T18U-50,Touring-3000 Blue- 50,461.0,T,2013-07-01,,BI_TB,BK-T18U-50,True,2013-07-01,9999-12-31,BI_TB,Bikes,Touring Bikes,Yes
378,587,BI-MB-BK-M38S-38,Mountain-400-W Silver- 38,420.0,M,2013-07-01,,BI_MB,BK-M38S-38,True,2013-07-01,9999-12-31,BI_MB,Bikes,Mountain Bikes,Yes
379,588,BI-MB-BK-M38S-40,Mountain-400-W Silver- 40,420.0,M,2013-07-01,,BI_MB,BK-M38S-40,True,2013-07-01,9999-12-31,BI_MB,Bikes,Mountain Bikes,Yes
380,589,BI-MB-BK-M38S-42,Mountain-400-W Silver- 42,420.0,M,2013-07-01,,BI_MB,BK-M38S-42,True,2013-07-01,9999-12-31,BI_MB,Bikes,Mountain Bikes,Yes
381,590,BI-MB-BK-M38S-46,Mountain-400-W Silver- 46,420.0,M,2013-07-01,,BI_MB,BK-M38S-46,True,2013-07-01,9999-12-31,BI_MB,Bikes,Mountain Bikes,Yes
382,591,BI-MB-BK-M18S-40,Mountain-500 Silver- 40,308.0,M,2013-07-01,,BI_MB,BK-M18S-40,True,2013-07-01,9999-12-31,BI_MB,Bikes,Mountain Bikes,Yes
383,592,BI-MB-BK-M18S-42,Mountain-500 Silver- 42,308.0,M,2013-07-01,,BI_MB,BK-M18S-42,True,2013-07-01,9999-12-31,BI_MB,Bikes,Mountain Bikes,Yes
384,593,BI-MB-BK-M18S-44,Mountain-500 Silver- 44,308.0,M,2013-07-01,,BI_MB,BK-M18S-44,True,2013-07-01,9999-12-31,BI_MB,Bikes,Mountain Bikes,Yes
385,594,BI-MB-BK-M18S-48,Mountain-500 Silver- 48,308.0,M,2013-07-01,,BI_MB,BK-M18S-48,True,2013-07-01,9999-12-31,BI_MB,Bikes,Mountain Bikes,Yes
386,595,BI-MB-BK-M18S-52,Mountain-500 Silver- 52,308.0,M,2013-07-01,,BI_MB,BK-M18S-52,True,2013-07-01,9999-12-31,BI_MB,Bikes,Mountain Bikes,Yes
387,596,BI-MB-BK-M18B-40,Mountain-500 Black- 40,295.0,M,2013-07-01,,BI_MB,BK-M18B-40,True,2013-07-01,9999-12-31,BI_MB,Bikes,Mountain Bikes,Yes
388,597,BI-MB-BK-M18B-42,Mountain-500 Black- 42,295.0,M,2013-07-01,,BI_MB,BK-M18B-42,True,2013-07-01,9999-12-31,BI_MB,Bikes,Mountain Bikes,Yes
389,598,BI-MB-BK-M18B-44,Mountain-500 Black- 44,295.0,M,2013-07-01,,BI_MB,BK-M18B-44,True,2013-07-01,9999-12-31,BI_MB,Bikes,Mountain Bikes,Yes
390,599,BI-MB-BK-M18B-48,Mountain-500 Black- 48,295.0,M,2013-07-01,,BI_MB,BK-M18B-48,True,2013-07-01,9999-12-31,BI_MB,Bikes,Mountain Bikes,Yes
391,600,BI-MB-BK-M18B-52,Mountain-500 Black- 52,295.0,M,2013-07-01,,BI_MB,BK-M18B-52,True,2013-07-01,9999-12-31,BI_MB,Bikes,Mountain Bikes,Yes
392,601,CO-BB-BB-7421,LL Bottom Bracket,24.0,,2013-07-01,,CO_BB,BB-7421,True,2013-07-01,9999-12-31,CO_BB,Components,Bottom Brackets,Yes
393,602,CO-BB-BB-8107,ML Bottom Bracket,45.0,,2013-07-01,,CO_BB,BB-8107,True,2013-07-01,9999-12-31,CO_BB,Components,Bottom Brackets,Yes
394,603,CO-BB-BB-9108,HL Bottom Bracket,54.0,,2013-07-01,,CO_BB,BB-9108,True,2013-07-01,9999-12-31,CO_BB,Components,Bottom Brackets,Yes
395,604,BI-RB-BK-R19B-44,Road-750 Black- 44,344.0,R,2013-07-01,,BI_RB,BK-R19B-44,True,2013-07-01,9999-12-31,BI_RB,Bikes,Road Bikes,Yes
396,605,BI-RB-BK-R19B-48,Road-750 Black- 48,344.0,R,2013-07-01,,BI_RB,BK-R19B-48,True,2013-07-01,9999-12-31,BI_RB,Bikes,Road Bikes,Yes
397,606,BI-RB-BK-R19B-52,Road-750 Black- 52,344.0,R,2013-07-01,,BI_RB,BK-R19B-52,True,2013-07-01,9999-12-31,BI_RB,Bikes,Road Bikes,Yes
