item_id,order_id,product_id,quantity,unit_price,discount_percent
1,153,47,7,388.35,73.32
2,298,18,8,54.37,36.39
3,11,85,4,405.2,61.4
4,170,97,9,88.02,56.64
5,580,85,3,246.92,35.88
6,225,98,8,139.53,23.4
7,212,67,6,459.77,88.16
8,41,84,6,484.54,63.36
9,281,107,5,289.38,37.67
10,388,47,10,419.38,51.67
11,386,29,9,410.45,34.5
12,494,78,1,78.09,16.56
13,79,66,5,101.58,36.22
14,122,85,4,171.81,11.33
15,491,62,4,327.16,41.09
16,250,6,3,88.95,62.95
17,41,74,3,136.55,18.0
18,416,77,10,440.47,72.8
19,291,11,4,496.46,86.73
20,175,29,7,399.36,82.05
21,187,80,9,364.85,34.27
22,465,77,10,195.32,13.22
23,17,26,9,257.14,41.98
24,154,78,2,451.79,59.98
25,545,65,2,333.1,90.2
26,553,106,1,389.69,64.92
27,535,54,6,351.84,42.9
28,494,102,7,404.26,90.79
29,590,13,7,243.8,23.25
30,86,37,10,210.24,18.9
31,8,74,9,13.53,65.45
32,324,53,6,218.78,58.54
33,268,110,9,189.17,27.56
34,407,97,4,394.06,48.25
35,380,72,9,494.37,57.77
36,408,95,3,333.05,74.78
37,458,101,3,259.09,78.61
38,564,79,1,482.64,0.53
39,94,106,3,304.12,8.81
40,270,29,6,28.5,38.43
41,411,79,9,482.13,5.75
42,180,82,8,108.84,65.69
43,531,37,4,303.76,51.58
44,238,79,3,186.27,65.5
45,162,12,5,183.03,39.51
46,206,67,1,43.62,9.02
47,292,93,9,180.57,96.33
48,284,29,10,232.83,40.4
49,5,34,3,62.17,7.24
50,302,44,2,478.79,87.61
51,589,33,8,285.95,77.0
52,348,100,8,449.3,86.2
53,494,15,5,320.49,99.42
54,236,103,6,183.02,53.57
55,270,32,5,340.11,82.11
56,78,71,3,183.23,89.43
57,276,24,4,107.84,73.54
58,272,27,4,132.35,61.86
59,160,100,2,48.46,95.58
60,505,79,1,275.32,4.23
61,494,48,10,450.08,88.1
62,589,112,5,492.35,91.6
63,287,51,4,72.84,52.57
64,434,62,9,180.17,86.04
65,179,59,2,235.43,68.92
66,13,87,4,59.37,36.16
67,266,24,9,142.01,95.85
68,352,47,3,113.16,70.07
69,382,47,7,98.15,13.11
70,590,88,4,363.2,80.41
71,569,56,7,402.02,73.85
72,485,104,1,254.8,99.56
73,530,69,6,157.02,56.21
74,582,7,7,90.04,21.55
75,261,61,2,173.98,36.1
76,574,72,5,211.76,35.11
77,204,74,10,273.83,97.94
78,292,46,6,248.87,73.65
79,81,49,10,319.54,14.48
80,172,82,6,310.03,40.48
81,74,11,3,163.61,65.3
82,274,78,7,228.0,86.28
83,372,96,10,230.64,16.73
84,24,17,4,470.81,70.07
85,82,27,3,56.82,93.68
86,485,71,-1,204.54,76.5
87,86,14,5,51.31,93.16
88,400,40,4,149.25,62.65
89,135,68,-3,335.14,86.04
90,334,111,8,436.74,93.49
91,562,57,3,351.84,17.7
92,468,81,10,323.5,53.38
93,356,62,9,53.88,30.79
94,423,34,3,10.05,81.54
95,140,45,5,14.08,92.21
96,489,39,1,401.0,59.7
97,8,71,6,442.26,43.71
98,256,21,7,118.09,7.92
99,246,67,10,345.47,28.47
100,545,104,5,428.21,18.24
101,297,15,8,143.35,62.28
102,193,42,1,485.16,2.21
103,105,37,5,224.82,0.82
104,93,20,1,177.54,31.16
105,511,48,8,25.55,8.02
106,150,8,5,44.98,47.01
107,197,108,5,415.84,12.2
108,255,50,8,497.32,19.92
109,97,67,4,343.91,31.21
110,331,21,1,279.29,12.21
111,493,82,5,444.88,86.37
112,224,15,4,169.01,16.74
113,283,75,2,129.11,96.88
114,596,101,8,85.95,77.08
115,255,21,8,313.14,93.08
116,62,8,6,353.65,79.15
117,129,63,4,283.59,64.46
118,356,104,8,20.46,37.78
119,138,33,1,224.38,29.47
120,502,25,10,180.36,73.24
121,282,112,10,281.71,6.89
122,159,58,5,275.39,45.41
123,519,49,3,313.67,36.41
124,245,42,2,274.09,38.75
125,537,88,8,85.52,28.31
126,420,83,6,266.37,6.67
127,133,23,1,247.83,9.88
128,585,83,7,267.65,70.13
129,263,7,6,361.74,1.31
130,214,84,8,417.72,46.81
131,63,47,9,446.31,82.2
132,60,106,10,29.92,7.04
133,312,10,4,57.59,72.52
134,545,50,4,331.87,57.0
135,184,72,9,61.7,63.86
136,367,87,8,219.27,10.41
137,185,71,7,332.19,53.39
138,454,46,6,498.46,84.49
139,423,98,7,168.49,24.07
140,559,28,7,463.81,25.41
141,464,58,-7,26.98,28.45
142,17,67,3,157.9,30.03
143,228,28,-6,412.75,68.97
144,283,71,9,463.7,15.47
145,39,59,6,139.84,88.96
146,256,30,5,55.03,39.98
147,223,94,2,398.52,17.29
148,591,105,2,157.19,73.08
149,591,49,2,461.72,33.44
150,445,54,2,121.09,65.28
151,12,82,7,266.95,31.93
152,579,20,6,118.19,5.05
153,403,58,10,54.14,43.19
154,404,19,3,243.17,74.53
155,562,52,5,255.89,77.38
156,134,98,3,107.07,39.53
157,586,26,9,370.48,24.62
158,74,35,7,462.83,8.96
159,424,55,6,167.16,59.39
160,25,99,5,181.36,82.16
161,453,80,3,462.86,23.35
162,383,20,2,36.72,94.89
163,152,112,-5,349.96,11.13
164,461,61,1,372.61,21.19
165,560,67,5,315.29,99.23
166,19,49,10,268.13,25.55
167,62,37,4,312.8,5.31
168,9,9,7,334.86,91.29
169,369,111,-2,435.03,64.94
170,237,49,9,58.81,31.55
171,545,12,3,483.73,56.07
172,23,6,4,159.41,48.99
173,161,3,6,184.14,30.23
174,514,36,1,440.55,89.04
175,31,72,5,177.48,39.28
176,141,12,7,342.22,87.27
177,233,54,4,218.97,31.24
178,338,58,9,329.71,58.1
179,208,111,3,355.52,52.38
180,139,56,3,286.77,15.8
181,70,72,9,68.01,31.76
182,150,94,1,441.26,41.4
183,422,39,8,412.63,63.68
184,281,20,4,100.53,76.24
185,274,78,10,302.22,23.09
186,27,46,2,243.54,50.23
187,481,92,6,199.86,47.38
188,168,25,4,384.62,1.5
189,277,53,4,494.24,75.78
190,68,23,8,250.07,32.49
191,469,32,7,30.49,73.53
192,390,93,6,470.18,57.19
193,550,68,1,231.29,82.7
194,44,32,9,492.08,3.93
195,397,67,1,225.38,88.44
196,293,60,3,310.44,5.45
197,530,19,8,231.33,72.26
198,116,24,10,351.1,13.53
199,424,42,-8,232.3,89.66
200,207,59,2,348.94,90.72
201,168,92,2,356.05,63.41
202,88,68,7,487.84,61.21
203,164,49,9,386.45,91.23
204,580,112,3,80.86,76.92
205,53,54,5,386.63,44.63
206,186,16,3,11.73,76.54
207,13,59,8,276.32,0.58
208,506,31,4,243.1,41.02
209,82,77,-10,442.26,27.81
210,571,105,4,82.65,65.33
211,38,19,1,420.63,29.84
212,90,7,2,97.34,67.21
213,587,101,9,233.12,57.9
214,37,12,5,449.79,82.03
215,438,108,9,240.7,12.2
216,282,43,9,112.82,20.91
217,60,14,10,318.2,98.72
218,496,93,10,493.28,28.72
219,325,34,9,315.39,92.71
220,577,64,9,253.89,80.8
221,239,91,5,10.77,2.4
222,121,95,4,499.5,41.4
223,342,45,9,114.05,64.06
224,289,33,2,258.28,32.39
225,7,15,6,364.95,61.6
226,30,107,3,418.57,92.23
227,491,61,1,245.93,62.72
228,550,43,8,212.84,74.26
229,534,39,10,164.6,53.59
230,214,74,6,445.13,35.36
231,153,36,1,193.87,53.43
232,170,74,10,301.64,86.46
233,316,91,6,143.03,8.68
234,244,48,8,158.29,52.51
235,180,15,6,391.12,91.34
236,455,65,1,453.43,15.41
237,349,62,9,170.4,76.95
238,101,106,9,75.03,72.46
239,471,50,9,162.38,4.4
240,90,43,8,60.52,76.62
241,320,3,10,323.04,20.98
242,206,25,5,166.38,44.11
243,121,35,3,66.09,95.83
244,574,66,2,181.66,31.85
245,145,91,5,93.92,31.14
246,347,70,8,24.21,90.33
247,52,14,7,218.97,17.9
248,457,79,6,410.55,71.29
249,547,11,8,55.53,80.24
250,480,13,8,325.77,76.65
251,482,30,4,448.89,25.81
252,373,51,3,335.94,78.88
253,333,59,8,242.91,35.14
254,473,109,3,180.82,57.47
255,521,14,7,400.41,32.59
256,73,102,5,206.4,41.34
257,250,71,3,198.07,34.07
258,442,101,7,177.68,69.41
259,178,85,2,358.84,83.67
260,118,76,10,281.99,82.2
261,181,40,7,63.28,81.41
262,389,42,8,40.13,21.76
263,143,75,1,333.83,45.3
264,299,50,10,105.88,68.15
265,325,39,10,342.98,91.85
266,446,92,6,295.54,61.15
267,523,52,3,40.58,90.11
268,55,1,9,186.03,86.12
269,32,31,7,203.19,31.81
270,392,52,7,113.5,17.34
271,143,25,9,463.0,84.0
272,158,37,3,45.16,1.57
273,499,85,7,76.53,13.72
274,426,111,8,350.74,93.03
275,185,59,9,411.83,38.47
276,232,24,7,293.19,84.68
277,243,92,9,464.02,57.64
278,35,5,10,190.6,58.03
279,82,19,9,492.0,77.89
280,477,67,2,308.93,24.52
281,80,88,9,163.12,5.28
282,352,69,1,261.2,46.92
283,340,54,6,401.13,28.92
284,37,89,10,366.22,56.37
285,63,81,8,290.7,65.63
286,299,104,-10,247.53,12.68
287,79,109,5,311.74,27.52
288,264,2,2,455.96,73.9
289,458,48,3,353.38,48.49
290,541,111,1,51.36,14.51
291,158,108,8,212.34,38.32
292,451,93,3,369.84,34.51
293,271,97,2,237.37,47.62
294,488,96,9,344.92,39.01
295,269,19,9,15.81,92.72
296,460,49,6,344.61,4.1
297,545,82,6,221.58,91.8
298,280,43,5,58.16,65.43
299,401,60,4,298.47,19.49
300,346,87,3,15.18,0.85
301,70,2,7,60.91,44.59
302,225,93,5,26.68,61.94
303,59,77,4,322.66,70.81
304,123,12,10,331.63,89.99
305,580,103,3,350.87,25.33
306,479,85,2,462.12,27.64
307,438,89,6,392.56,27.73
308,64,49,7,39.43,95.56
309,272,23,8,489.92,20.07
310,403,23,8,274.91,43.13
311,109,57,5,45.73,57.13
312,257,100,-8,253.87,65.29
313,1,5,7,353.03,90.46
314,589,1,9,387.79,47.81
315,414,109,2,11.62,95.42
316,494,16,10,495.88,33.34
317,311,52,1,479.82,9.07
318,548,110,6,235.22,76.65
319,208,23,9,198.24,19.1
320,400,14,6,443.75,43.8
321,195,18,1,362.67,59.29
322,501,50,2,325.27,49.97
323,461,3,1,175.48,72.1
324,416,16,4,336.99,45.84
325,550,20,10,45.3,73.55
326,501,84,1,459.83,4.58
327,134,2,3,453.28,82.07
328,100,59,10,299.61,81.78
329,109,15,8,311.66,6.31
330,208,55,6,491.27,67.84
331,333,16,10,167.58,96.47
332,219,98,1,174.4,12.07
333,145,97,7,191.26,16.5
334,250,75,1,397.62,63.22
335,386,100,-3,248.61,0.63
336,184,12,10,213.95,80.74
337,488,89,3,323.51,52.31
338,422,31,3,28.43,18.0
339,512,79,2,393.47,34.79
340,5,72,4,493.44,97.68
341,371,111,9,237.47,62.65
342,214,36,1,400.34,68.52
343,486,64,3,462.11,5.4
344,373,37,4,173.8,80.52
345,465,6,2,463.18,17.59
346,30,63,9,448.59,72.14
347,594,42,7,341.66,32.57
348,113,42,4,371.5,86.99
349,385,29,2,247.36,89.05
350,149,28,10,199.79,13.64
351,199,81,6,109.08,12.72
352,583,8,5,427.31,45.86
353,176,98,6,154.63,15.68
354,175,74,9,52.37,85.7
355,501,111,4,420.12,27.92
356,439,95,4,222.78,22.24
357,153,74,1,31.67,99.13
358,517,5,7,244.84,79.8
359,101,58,8,283.66,1.24
360,417,28,3,127.14,99.9
361,17,62,5,235.05,57.04
362,598,4,8,77.93,70.31
363,190,102,6,354.91,0.14
364,73,50,6,155.33,75.29
365,556,74,4,49.67,88.08
366,57,66,6,64.37,36.56
367,42,47,6,283.81,6.7
368,210,18,6,65.64,47.85
369,595,112,4,382.83,32.05
370,274,65,7,41.05,34.52
371,498,65,9,240.38,53.19
372,546,38,8,401.95,94.54
373,68,25,8,201.43,17.88
374,79,14,3,351.57,49.63
375,210,67,1,485.09,54.14
376,136,61,6,371.48,2.15
377,194,9,1,123.84,94.74
378,344,53,10,326.57,32.63
379,543,108,9,159.0,13.2
380,314,22,5,192.23,28.81
381,49,19,6,478.54,61.86
382,165,92,9,486.87,83.93
383,158,21,4,496.95,57.45
384,452,34,6,285.62,3.47
385,325,45,3,274.53,16.26
386,309,16,1,254.71,14.54
387,470,41,-3,371.86,97.56
388,340,83,5,152.02,94.4
389,588,86,3,366.99,92.23
390,347,89,2,451.09,13.94
391,565,15,-5,312.59,22.04
392,366,12,6,324.24,58.34
393,228,101,5,50.96,84.95
394,90,66,7,165.7,60.51
395,58,86,6,360.82,42.76
396,396,48,1,182.16,97.75
397,575,12,4,227.67,99.26
398,454,37,3,485.48,42.38
399,425,18,10,80.38,30.32
400,538,43,2,299.43,37.58
401,7,53,5,282.35,71.02
402,141,26,3,151.84,49.06
403,310,107,10,284.05,46.35
404,28,102,1,157.08,64.06
405,484,16,5,251.02,68.78
406,251,4,2,251.59,97.06
407,371,75,8,435.49,62.8
408,488,89,2,369.15,1.75
409,266,21,10,166.64,87.83
410,139,46,3,186.97,63.62
411,365,7,5,323.08,7.68
412,199,99,3,303.39,16.71
413,331,112,6,345.63,30.11
414,372,13,9,413.42,1.29
415,531,37,6,211.88,92.09
416,167,14,4,118.35,18.84
417,573,79,9,359.15,70.23
418,117,54,8,67.12,13.12
419,18,62,6,187.66,81.7
420,536,98,6,159.3,74.45
421,122,29,3,79.76,22.66
422,129,27,3,218.15,76.3
423,115,10,1,381.09,4.25
424,111,5,9,239.85,90.85
425,45,9,5,379.73,78.24
426,211,76,4,182.25,9.08
427,285,75,6,429.02,78.08
428,248,65,10,411.6,76.32
429,542,28,4,94.17,75.4
430,5,93,2,461.03,85.13
431,487,47,10,340.03,10.73
432,364,49,7,121.5,11.28
433,322,16,8,76.6,76.23
434,296,72,1,251.92,38.48
435,468,77,5,422.13,22.59
436,418,38,7,44.11,84.11
437,488,87,6,499.37,49.16
438,108,51,8,341.49,11.92
439,405,52,10,373.3,89.24
440,173,9,6,175.93,59.5
441,414,16,4,365.35,27.85
442,596,76,5,402.48,94.32
443,365,61,10,493.89,51.14
444,151,99,8,132.84,49.73
445,138,4,2,416.85,49.81
446,28,23,7,170.21,30.28
447,99,98,2,264.77,49.22
448,478,26,5,250.22,26.17
449,352,104,9,476.76,3.16
450,441,16,7,427.91,44.26
451,37,5,3,431.58,30.3
452,169,63,7,360.7,48.75
453,113,73,8,345.83,57.22
454,488,72,3,201.78,49.47
455,387,79,6,149.37,6.14
456,47,17,6,373.61,2.69
457,350,49,2,496.05,41.19
458,58,85,4,327.56,59.25
459,68,112,5,93.19,53.84
460,39,59,7,451.69,26.66
461,481,76,1,195.09,39.03
462,587,13,8,340.8,33.6
463,515,104,6,156.77,96.94
464,207,64,2,272.56,28.74
465,49,39,10,120.68,74.29
466,95,92,10,175.05,6.73
467,544,61,7,399.87,65.15
468,310,65,5,274.57,20.01
469,412,33,10,339.06,54.76
470,20,81,9,292.65,21.3
471,479,35,9,427.86,90.68
472,580,94,1,188.49,14.77
473,155,96,5,211.03,86.02
474,66,82,4,140.8,28.7
475,165,33,10,126.86,15.0
476,29,32,5,284.31,43.61
477,38,26,3,24.28,78.97
478,285,85,9,427.74,96.38
479,498,101,1,449.29,31.39
480,306,111,2,209.43,36.34
481,93,51,3,289.78,50.02
482,124,67,10,466.46,25.18
483,93,31,10,405.28,32.93
484,599,95,7,374.54,93.55
485,224,19,2,485.26,43.95
486,261,111,10,271.4,69.96
487,116,41,9,344.54,96.33
488,149,47,8,412.47,2.11
489,36,108,1,396.51,23.97
490,566,50,5,353.3,90.32
491,125,69,4,200.35,90.98
492,403,33,5,413.13,23.55
493,216,111,3,319.36,87.95
494,417,102,1,49.25,77.95
495,504,61,7,173.03,42.24
496,103,106,3,258.1,35.19
497,561,95,6,23.4,5.21
498,189,81,8,76.69,40.07
499,313,41,10,87.33,51.64
500,134,109,10,398.39,31.94
501,490,112,3,346.86,82.68
502,289,26,2,99.13,87.64
503,585,29,1,462.33,64.71
504,235,12,8,353.62,16.88
505,411,80,7,83.13,95.8
506,175,73,-2,267.66,77.34
507,465,106,8,359.65,19.05
508,273,37,8,221.34,20.66
509,221,106,5,102.79,18.04
510,150,4,5,125.39,45.1
511,255,48,10,234.5,1.03
512,137,112,6,204.8,21.22
513,393,91,7,135.55,9.53
514,61,7,6,240.76,35.43
515,47,1,5,196.66,97.75
516,380,17,9,97.89,16.99
517,505,44,8,165.49,53.04
518,146,34,2,489.47,49.92
519,288,96,6,148.63,87.69
520,271,67,6,90.84,73.69
521,504,98,3,462.2,63.67
522,451,7,4,122.63,3.59
523,267,21,8,497.65,92.72
524,42,57,6,284.82,45.78
525,116,109,3,55.85,86.82
526,185,107,3,413.06,56.32
527,600,28,10,12.02,76.68
528,185,54,2,254.07,9.43
529,337,4,5,343.51,39.42
530,109,108,6,49.72,83.07
531,492,59,5,12.84,96.98
532,464,42,10,433.01,80.16
533,290,42,1,278.11,60.23
534,95,52,5,482.87,86.55
535,92,3,4,391.95,28.49
536,158,16,5,221.86,80.64
537,318,88,10,336.1,83.21
538,525,26,8,200.16,26.85
539,434,12,7,310.8,43.41
540,437,12,1,486.9,67.64
541,159,64,9,267.09,29.07
542,448,11,8,492.25,68.43
543,308,108,4,154.79,4.77
544,79,6,9,218.21,9.45
545,583,105,5,296.93,76.86
546,17,15,8,99.28,39.3
547,86,54,5,364.81,75.74
548,461,80,5,459.87,81.0
549,217,24,2,305.99,87.16
550,109,56,-9,203.52,1.33
551,489,59,7,483.24,60.19
552,499,39,10,312.2,69.07
553,405,103,5,76.21,19.08
554,17,90,4,112.52,64.86
555,248,56,9,157.45,46.34
556,486,55,1,452.18,73.88
557,456,63,-8,230.26,24.26
558,302,73,7,13.86,63.04
559,443,54,8,301.96,55.43
560,298,5,8,261.54,72.46
561,500,30,1,216.78,31.59
562,66,35,7,67.3,62.27
563,356,58,-7,151.13,19.22
564,353,57,4,297.95,68.5
565,480,17,5,201.28,41.69
566,369,102,8,423.82,62.18
567,290,89,2,73.26,19.95
568,504,13,7,251.93,23.47
569,571,7,1,137.8,67.69
570,179,106,9,41.2,43.06
571,233,16,9,136.33,34.03
572,364,99,1,282.94,89.63
573,528,78,2,464.05,43.78
574,469,108,2,393.01,60.97
575,105,106,9,61.65,62.99
576,211,47,3,357.0,76.2
577,511,94,2,188.23,81.92
578,126,109,4,213.72,76.9
579,252,107,8,257.46,8.52
580,382,92,7,335.85,15.16
581,543,54,4,220.12,91.8
582,470,110,9,187.27,2.98
583,150,99,1,263.5,6.96
584,347,41,7,90.52,6.15
585,38,85,3,38.33,63.16
586,533,38,7,343.63,55.36
587,312,93,6,13.87,27.98
588,541,79,3,228.63,20.51
589,558,80,10,351.76,88.77
590,415,100,4,51.3,53.74
591,400,93,3,274.99,21.37
592,524,71,5,380.95,16.0
593,29,102,9,128.26,77.42
594,433,65,2,422.38,25.98
595,520,46,2,328.97,12.47
596,306,74,1,491.65,80.54
597,596,73,9,124.58,29.92
598,587,87,3,264.64,24.76
599,336,67,10,391.49,45.43
600,151,92,7,50.15,6.22
601,134,61,4,190.95,52.63
602,573,67,7,296.31,63.65
603,451,89,8,214.29,16.28
604,518,17,8,73.4,70.45
605,542,16,4,25.98,15.68
606,573,48,2,210.22,12.09
607,586,38,1,67.69,30.49
608,384,39,5,397.69,14.21
609,432,7,5,115.63,81.91
610,501,1,2,43.11,4.47
611,493,74,5,451.14,78.13
612,487,107,10,77.88,63.65
613,461,86,8,366.65,8.93
614,420,50,4,176.11,4.58
615,454,95,5,434.32,70.72
616,586,81,5,70.65,55.94
617,198,80,9,35.91,57.02
618,194,97,8,19.15,65.83
619,545,24,1,110.84,82.97
620,594,57,2,307.36,40.18
621,47,63,1,98.45,2.41
622,541,41,7,66.18,9.93
623,173,37,3,386.47,15.42
624,418,87,3,480.95,18.15
625,60,39,7,79.81,89.3
626,265,49,2,127.42,59.7
627,243,64,9,198.67,11.51
628,63,41,8,42.07,2.89
629,240,3,5,297.22,10.15
630,569,84,3,209.31,8.39
631,513,27,3,492.8,78.2
632,551,55,9,10.49,46.47
633,297,84,-3,467.42,48.22
634,257,108,7,422.79,21.28
635,523,37,1,271.7,6.99
636,92,51,2,365.29,99.88
637,443,27,10,403.01,88.39
638,351,82,5,356.8,27.3
639,330,44,4,303.76,1.59
640,137,83,1,12.1,0.96
641,178,53,9,354.62,76.25
642,552,11,2,447.36,81.61
643,456,87,2,408.26,82.75
644,367,50,3,407.82,98.38
645,128,60,6,227.84,22.15
646,21,98,5,357.51,19.15
647,311,104,4,251.97,36.3
648,288,64,10,106.08,82.11
649,406,15,5,252.07,55.18
650,580,87,10,42.03,12.82
651,67,17,5,429.18,88.1
652,281,25,1,349.56,53.29
653,259,88,9,10.96,42.71
654,54,110,6,497.6,27.4
655,531,60,8,381.92,88.38
656,230,7,5,270.88,31.62
657,402,25,6,290.19,2.54
658,232,89,7,459.33,19.69
659,338,40,2,57.4,48.0
660,25,76,6,131.11,47.36
661,349,107,1,264.64,23.67
662,75,100,10,384.41,62.53
663,593,16,2,459.19,37.74
664,67,101,3,403.17,5.48
665,443,9,2,284.04,29.49
666,391,52,2,211.44,86.46
667,11,59,7,219.77,62.02
668,104,44,1,170.81,19.25
669,106,2,10,300.51,84.08
670,587,17,9,216.29,72.46
671,456,24,4,31.59,12.77
672,599,56,9,379.64,31.12
673,555,100,3,161.25,34.29
674,378,2,9,342.37,5.73
675,520,105,9,216.81,19.54
676,206,82,4,177.36,66.79
677,479,77,6,287.39,33.57
678,307,54,6,232.61,78.92
679,44,64,4,323.0,69.32
680,478,80,4,369.95,95.26
681,340,104,7,100.28,98.99
682,372,2,2,281.8,14.24
683,451,25,10,186.36,97.53
684,204,26,5,443.84,71.88
685,348,109,9,106.03,17.61
686,269,13,1,77.25,65.49
687,114,44,4,127.67,80.95
688,176,68,10,440.41,6.54
689,148,17,4,195.32,37.43
690,440,82,4,383.91,58.73
691,549,38,3,36.1,79.56
692,130,109,9,444.06,20.92
693,84,101,8,311.29,16.74
694,398,97,9,264.26,17.9
695,383,68,8,252.45,26.83
696,411,82,10,111.53,89.49
697,463,111,4,159.94,88.87
698,586,21,6,51.53,75.16
699,303,57,9,296.14,46.53
700,345,55,8,210.39,80.45
701,325,35,-7,226.43,26.56
702,78,46,2,255.86,54.67
703,81,101,5,58.22,7.13
704,40,70,4,340.8,25.0
705,282,25,10,499.22,75.24
706,557,34,1,148.1,34.66
707,414,52,10,15.83,65.41
708,153,111,7,364.43,20.99
709,240,67,10,381.23,72.25
710,473,44,2,102.04,77.01
711,428,27,8,283.64,37.47
712,592,112,3,371.52,49.98
713,364,44,4,346.02,40.34
714,551,39,6,288.11,3.22
715,143,20,6,401.58,91.38
716,588,111,7,110.06,39.06
717,548,50,4,171.13,96.19
718,312,12,3,280.92,3.21
719,501,4,3,456.56,38.59
720,211,30,5,44.29,5.75
721,531,2,3,455.81,39.11
722,114,17,9,374.14,38.9
723,212,17,4,410.77,66.48
724,163,78,10,297.87,50.25
725,470,36,-4,79.92,6.4
726,409,78,4,456.05,87.92
727,472,60,10,54.64,64.63
728,468,45,5,413.48,84.98
729,426,32,3,369.29,45.78
730,188,90,10,352.34,4.37
731,162,36,9,458.99,69.8
732,223,64,7,280.88,99.53
733,79,97,2,391.96,41.01
734,169,33,4,236.46,7.32
735,473,49,6,429.33,39.67
736,11,33,2,76.88,67.03
737,476,63,8,278.73,24.23
738,449,18,8,422.37,17.06
739,19,78,2,70.83,74.14
740,173,10,1,85.21,35.81
741,222,92,1,270.83,44.21
742,49,108,9,361.04,89.7
743,400,89,5,303.12,4.87
744,387,99,4,193.58,23.85
745,94,3,-7,17.13,82.05
746,65,29,2,416.92,16.79
747,172,6,7,409.66,32.27
748,195,80,4,203.58,42.79
749,238,28,2,95.07,40.21
750,324,2,7,117.85,65.8
751,286,84,10,42.99,21.86
752,309,99,10,495.33,71.25
753,583,22,5,303.93,98.14
754,398,87,3,321.32,88.4
755,326,109,8,18.65,91.21
756,460,49,9,123.89,58.75
757,14,30,1,449.42,30.88
758,439,97,4,39.36,37.45
759,304,26,3,324.6,23.81
760,455,95,6,165.59,78.7
761,41,67,7,151.34,2.37
762,340,44,4,36.5,91.77
763,255,103,4,196.93,32.16
764,453,81,1,250.9,95.37
765,54,82,3,71.52,17.37
766,563,107,4,48.3,72.5
767,319,22,4,96.45,24.9
768,293,74,8,108.69,86.24
769,493,11,6,92.21,44.14
770,518,79,7,411.61,79.36
771,21,98,7,50.78,90.65
772,308,77,9,366.06,25.73
773,475,40,8,285.45,48.08
774,342,18,8,458.9,0.42
775,513,94,6,463.59,94.03
776,383,50,8,493.89,7.12
777,40,16,7,89.56,76.3
778,262,99,6,249.42,68.85
779,60,84,7,370.48,24.24
780,36,105,6,341.45,69.75
781,152,34,10,343.72,25.43
782,593,85,-3,387.78,64.44
783,394,51,10,49.37,90.99
784,434,22,7,158.09,96.77
785,392,76,5,378.71,92.43
786,92,14,10,178.75,14.27
787,215,96,7,13.15,16.84
788,504,1,2,351.2,52.5
789,296,94,7,193.58,70.4
790,203,63,3,64.02,56.71
791,218,24,4,99.54,75.92
792,266,112,7,457.36,10.92
793,171,11,5,71.09,6.43
794,31,75,4,339.67,10.08
795,63,35,1,396.71,4.19
796,217,67,1,264.84,96.21
797,273,63,8,306.14,33.66
798,352,41,4,335.89,37.84
799,59,46,6,11.51,87.05
800,412,93,-3,70.22,53.06
801,255,48,8,332.85,47.52
802,424,85,-4,322.66,94.19
803,330,3,6,485.1,73.58
804,455,30,10,372.21,79.4
805,357,55,8,429.98,90.52
806,395,38,10,80.15,52.01
807,586,101,9,253.98,8.71
808,562,112,8,228.68,11.57
809,554,31,4,379.09,65.97
810,92,14,7,24.32,92.9
811,335,50,5,136.24,47.63
812,127,86,3,320.44,49.2
813,341,112,4,385.51,60.07
814,352,49,7,394.69,96.62
815,448,104,4,66.69,8.77
816,92,44,10,374.86,11.61
817,377,17,6,292.69,0.17
818,64,76,9,200.19,42.37
819,374,103,3,304.79,22.21
820,405,2,9,164.8,81.61
821,304,108,4,233.33,60.15
822,150,96,1,161.36,99.03
823,127,36,10,416.06,49.5
824,386,8,6,361.22,84.81
825,231,90,1,390.26,85.68
826,402,39,3,278.49,33.74
827,485,45,7,268.64,28.3
828,200,90,9,74.14,75.23
829,595,111,1,357.7,45.75
830,168,74,3,246.4,89.72
831,215,28,4,14.47,72.6
832,590,14,3,491.52,67.94
833,173,8,2,242.2,94.51
834,121,66,6,485.17,62.7
835,414,32,1,204.36,30.27
836,177,84,7,495.67,67.07
837,92,100,8,328.65,27.52
838,456,48,1,50.49,48.92
839,522,29,1,493.8,47.95
840,97,102,10,247.25,64.46
841,445,39,10,169.36,71.38
842,551,24,7,19.68,55.61
843,550,101,9,264.26,58.47
844,128,97,4,449.83,18.07
845,185,1,9,164.01,3.91
846,589,27,3,135.81,75.31
847,87,16,9,483.48,17.16
848,1,32,5,473.44,90.46
849,301,85,9,292.77,69.51
850,536,46,10,112.82,9.9
851,46,31,1,156.86,83.26
852,138,78,9,185.94,12.85
853,433,10,9,197.07,90.37
854,410,59,2,341.5,94.02
855,147,69,4,369.01,99.54
856,198,92,6,327.41,51.14
857,168,54,3,396.01,37.89
858,254,10,5,63.9,54.84
859,68,43,2,173.42,27.33
860,232,36,1,489.95,22.22
861,108,101,2,366.88,30.65
862,502,13,9,290.36,28.2
863,278,78,2,93.67,94.65
864,399,24,6,342.13,78.87
865,565,77,7,72.51,0.95
866,526,92,3,79.91,56.76
867,274,7,6,132.06,60.87
868,469,24,8,401.25,50.22
869,283,55,9,441.88,81.4
870,313,82,2,209.19,31.27
871,93,82,2,127.62,9.36
872,590,8,2,281.54,49.29
873,11,55,9,76.85,49.78
874,546,90,2,311.98,91.09
875,8,92,7,377.34,24.42
876,541,88,10,229.84,16.85
877,537,29,3,421.31,51.37
878,53,55,8,192.91,11.32
879,256,107,9,430.33,29.01
880,495,38,5,371.63,56.88
881,223,40,9,27.36,46.31
882,500,8,-6,235.57,29.84
883,110,1,6,101.22,35.45
884,104,56,8,269.26,89.85
885,421,16,-8,387.03,25.01
886,482,51,6,219.89,18.22
887,276,14,8,225.28,13.99
888,445,1,6,357.52,11.07
889,292,6,3,374.52,90.1
890,165,86,4,480.25,98.29
891,122,54,8,401.91,71.43
892,333,97,7,462.55,84.31
893,399,17,2,398.43,12.61
894,353,65,1,125.89,67.83
895,351,55,10,222.82,28.95
896,498,11,7,84.72,51.12
897,256,36,2,497.19,24.74
898,440,26,8,406.88,70.11
899,515,79,3,428.89,62.89
900,153,30,2,28.8,99.04
901,150,55,1,54.56,5.1
902,418,68,5,490.26,22.18
903,437,62,1,325.5,30.43
904,276,47,5,358.68,24.7
905,49,24,-1,333.61,32.16
906,293,61,5,59.37,18.48
907,504,47,6,57.47,1.37
908,566,99,3,373.23,36.14
909,542,78,6,145.21,58.43
910,90,14,3,304.9,4.1
911,196,25,8,46.69,54.66
912,352,39,8,108.98,72.08
913,45,17,4,358.69,89.16
914,574,45,6,361.49,91.08
915,70,62,7,476.7,79.09
916,171,77,5,73.18,4.54
917,580,8,4,204.77,68.47
918,526,10,3,259.55,56.25
919,400,52,10,100.19,16.0
920,224,76,1,397.42,45.54
921,538,34,5,155.22,26.85
922,122,22,4,126.73,3.91
923,152,36,3,397.4,64.24
924,255,106,4,10.69,34.75
925,378,42,2,443.15,26.4
926,137,53,10,492.78,62.6
927,11,106,6,482.96,17.67
928,17,69,10,375.43,38.2
929,264,112,10,410.26,22.06
930,276,27,10,430.53,39.55
931,457,30,7,452.06,9.37
932,186,59,3,96.29,56.97
933,185,83,-5,89.83,17.77
934,404,88,10,80.33,42.64
935,466,83,7,268.12,72.68
936,13,78,2,20.15,82.66
937,45,17,4,141.15,93.86
938,14,102,1,62.11,73.61
939,347,110,2,245.41,56.29
940,455,105,3,244.67,24.38
941,557,89,5,70.31,82.49
942,106,70,5,444.36,41.53
943,2,29,1,198.84,35.33
944,294,29,7,360.28,90.16
945,504,22,2,478.67,28.18
946,79,79,6,462.43,91.99
947,45,78,3,269.94,59.96
948,436,20,5,150.63,87.54
949,278,64,6,407.25,71.13
950,79,101,1,489.24,77.78
951,151,41,3,363.46,78.55
952,490,105,2,219.45,72.67
953,149,12,6,99.12,38.5
954,327,64,7,486.7,60.17
955,342,18,4,279.18,53.87
956,505,69,9,198.47,58.1
957,432,68,10,407.53,21.93
958,90,31,-6,497.01,1.72
959,572,61,3,39.19,34.93
960,143,38,8,428.12,97.18
961,432,32,4,37.37,13.78
962,147,49,1,218.11,5.41
963,109,85,10,420.34,87.05
964,31,19,6,130.07,1.25
965,427,20,3,78.66,52.75
966,307,61,7,227.55,64.48
967,14,37,2,441.77,3.21
968,178,65,-3,418.01,67.99
969,466,71,5,255.92,70.94
970,434,21,5,265.54,97.79
971,129,96,4,37.44,39.23
972,573,78,2,239.53,31.32
973,415,106,7,403.64,64.66
974,200,35,2,187.72,77.88
975,344,4,4,275.37,6.53
976,12,97,5,108.85,92.92
977,247,35,2,286.75,56.37
978,496,6,1,472.32,0.85
979,366,97,5,255.11,31.45
980,401,93,6,354.3,9.74
981,418,95,9,405.67,15.02
982,392,62,10,28.33,16.12
983,475,11,2,123.47,21.56
984,145,99,3,255.79,99.23
985,536,99,6,74.29,29.08
986,442,6,7,498.53,60.69
987,157,73,8,17.32,76.63
988,317,71,2,232.86,16.97
989,303,21,2,188.03,8.92
990,184,91,8,241.9,25.6
991,453,84,3,486.12,48.83
992,373,110,5,429.93,91.71
993,133,57,6,316.07,31.36
994,86,88,7,138.79,87.55
995,44,80,1,129.96,82.12
996,9,20,2,87.52,39.93
997,75,29,7,337.88,34.89
998,480,83,9,237.78,8.58
999,111,51,7,171.07,31.73
1000,498,28,8,232.74,54.51
1001,482,19,4,25.35,60.11
1002,390,8,6,489.49,21.34
1003,217,112,1,345.0,26.98
1004,181,11,3,208.48,29.83
1005,463,112,7,338.13,25.94
1006,56,12,7,379.06,16.45
1007,358,54,8,347.53,16.07
1008,448,46,10,14.87,78.31
1009,204,10,10,168.63,98.64
1010,325,2,3,467.57,49.94
1011,325,15,7,363.92,98.82
1012,129,82,8,293.4,3.65
1013,193,54,9,304.46,21.61
1014,215,25,10,191.43,36.38
1015,310,40,9,71.13,49.91
1016,467,53,7,415.81,42.58
1017,344,15,3,192.83,55.28
1018,167,70,7,424.09,68.86
1019,448,82,5,469.57,90.59
1020,102,12,2,18.05,93.25
1021,107,64,10,58.85,44.41
1022,596,104,1,427.34,21.19
1023,466,71,7,429.61,95.06
1024,360,102,8,412.0,70.38
1025,406,1,6,258.7,26.76
1026,271,40,7,12.04,90.91
1027,34,2,1,193.46,81.67
1028,326,43,3,496.49,24.18
1029,401,25,10,415.99,80.13
1030,592,55,3,201.3,72.81
1031,413,41,9,123.18,71.0
1032,130,65,2,394.3,84.3
1033,267,108,9,167.98,9.33
1034,27,56,1,300.71,2.78
1035,557,11,10,373.75,13.05
1036,465,82,6,329.74,22.18
1037,199,69,4,405.48,37.81
1038,267,85,1,468.14,62.74
1039,594,111,2,464.33,12.27
1040,146,37,5,55.46,49.42
1041,371,108,4,250.61,2.2
1042,76,63,2,215.75,88.97
1043,462,104,3,14.97,17.87
1044,581,81,10,67.43,34.28
1045,356,62,10,12.46,52.17
1046,261,16,4,272.62,51.8
1047,157,28,6,116.31,32.75
1048,226,11,3,245.97,95.32
1049,357,91,9,238.85,80.9
1050,447,66,7,132.55,19.79
1051,288,51,2,385.56,31.16
1052,211,93,8,228.62,59.63
1053,279,105,6,307.57,42.93
1054,581,46,6,411.48,44.94
1055,35,66,5,153.8,82.67
1056,544,46,-7,98.15,32.27
1057,191,46,4,331.91,37.2
1058,322,16,1,15.34,32.89
1059,477,73,6,285.2,38.56
1060,218,68,4,146.24,60.79
1061,77,74,7,223.25,81.34
1062,203,26,1,254.34,99.03
1063,432,16,2,304.7,59.12
1064,243,74,1,325.4,85.61
1065,5,60,5,483.76,3.7
1066,547,68,1,17.97,46.99
1067,426,93,5,379.31,40.03
1068,570,100,6,33.07,29.84
1069,466,64,2,469.47,10.27
1070,230,7,1,496.83,86.14
1071,447,29,3,364.81,81.23
1072,551,1,1,394.62,11.08
1073,312,10,5,310.25,81.25
1074,277,90,3,295.89,11.99
1075,327,111,3,445.02,96.58
1076,424,82,8,265.66,24.05
1077,490,85,8,167.74,73.09
1078,232,12,5,358.58,35.3
1079,249,85,4,46.82,49.46
1080,218,2,4,198.68,48.76
1081,349,27,10,261.82,31.34
1082,320,91,8,425.43,10.57
1083,134,29,6,231.69,62.05
1084,208,100,7,146.14,16.42
1085,315,112,10,82.17,87.62
1086,113,31,1,101.64,2.86
1087,544,58,6,464.19,8.41
1088,442,28,3,221.12,33.37
1089,452,35,6,327.82,73.2
1090,433,25,5,96.56,27.59
1091,506,67,7,34.44,24.89
1092,114,29,2,27.49,26.62
1093,68,69,2,442.47,69.95
1094,415,51,7,369.62,87.95
1095,275,64,4,109.75,63.69
1096,295,94,1,256.59,70.05
1097,489,95,5,347.09,17.02
1098,72,22,3,233.06,96.22
1099,486,55,-6,487.44,88.13
1100,175,87,1,485.08,58.32
1101,501,112,4,32.14,1.74
1102,298,107,4,91.98,14.66
1103,97,13,5,174.48,49.07
1104,360,70,5,134.23,45.88
1105,362,39,6,389.52,85.7
1106,496,15,5,366.83,2.07
1107,421,110,4,79.4,49.78
1108,251,74,7,374.74,19.38
1109,387,82,2,439.8,67.88
1110,461,68,3,342.74,88.8
1111,401,76,7,145.36,19.06
1112,594,67,6,70.25,79.53
1113,581,102,6,485.04,49.89
1114,151,60,3,151.99,55.81
1115,167,39,8,401.89,1.56
1116,42,28,5,70.48,48.84
1117,6,56,6,10.31,25.14
1118,359,37,9,386.75,15.5
1119,89,92,5,369.2,43.21
1120,83,38,4,467.14,24.87
1121,396,55,7,58.09,26.13
1122,310,77,5,223.55,87.59
1123,593,18,4,213.99,19.95
1124,313,11,5,317.88,54.58
1125,385,101,7,268.02,69.41
1126,516,88,6,219.56,42.05
1127,421,60,1,22.95,76.68
1128,91,97,3,158.17,24.26
1129,525,48,3,450.96,87.78
1130,55,97,7,338.34,46.28
1131,531,59,1,142.39,98.62
1132,110,43,10,152.38,48.15
1133,340,111,1,296.46,51.08
1134,55,90,4,285.4,96.73
1135,140,29,3,162.34,98.92
1136,7,104,8,108.34,6.71
1137,157,78,2,131.13,10.36
1138,26,107,9,37.27,12.18
1139,415,62,3,422.44,54.67
1140,450,110,10,81.66,2.17
1141,146,105,4,373.42,54.67
1142,488,62,5,59.01,58.88
1143,377,86,5,351.85,10.73
1144,427,105,7,148.88,12.01
1145,399,2,10,326.1,89.32
1146,456,6,6,239.27,72.31
1147,284,2,3,429.36,50.32
1148,358,91,9,40.76,65.59
1149,361,84,10,360.44,78.67
1150,286,101,5,43.42,83.93
1151,496,49,8,98.38,70.85
1152,520,100,9,351.91,58.89
1153,595,45,10,207.85,4.49
1154,163,30,2,254.72,67.93
1155,332,98,4,406.19,73.26
1156,243,14,3,198.2,97.33
1157,66,8,10,28.33,74.99
1158,453,98,6,421.93,92.36
1159,329,14,8,494.55,57.38
1160,205,26,5,342.64,22.55
1161,166,56,9,104.22,58.21
1162,99,27,1,447.71,35.96
1163,418,73,9,176.95,68.24
1164,541,64,4,289.48,47.37
1165,361,46,10,428.18,80.16
1166,450,55,7,288.88,12.72
1167,530,39,2,122.98,60.15
1168,339,3,4,152.05,82.81
1169,400,91,6,437.02,96.81
1170,77,69,10,263.7,61.12
1171,320,52,10,351.78,11.09
1172,483,34,1,216.49,20.05
1173,61,18,4,369.6,92.42
1174,64,31,8,474.52,90.43
1175,37,45,2,303.09,61.24
1176,83,71,8,142.55,4.17
1177,37,64,9,181.63,47.76
1178,234,3,-1,393.09,19.62
1179,389,88,1,35.55,76.57
1180,129,56,7,66.64,11.8
1181,377,46,4,459.85,23.82
1182,95,76,1,376.26,88.83
1183,550,73,1,17.3,71.98
1184,59,10,1,98.49,4.37
1185,359,78,4,73.56,39.78
1186,126,85,2,469.8,20.59
1187,366,110,4,158.33,36.69
1188,565,38,4,141.09,69.78
1189,516,14,1,211.31,95.06
1190,498,36,2,77.19,97.59
1191,237,40,9,192.47,81.64
1192,146,5,4,328.45,45.38
1193,117,3,8,142.45,58.82
1194,308,106,2,428.74,38.39
1195,20,111,7,31.76,20.57
1196,189,85,7,333.6,3.13
1197,357,4,10,174.75,82.82
1198,269,104,10,23.4,72.58
1199,445,111,7,465.0,75.24
1200,112,71,7,466.91,28.74
