order_id,customer_id,order_date,status,region_code,customer_id_missing
1,291,2026-04-29 04:48:50,RETURNED,WEST,False
2,316,2026-04-24 00:00:00,CANCELLED,CENTRAL,False
3,210,2026-02-17 01:45:28,SHIPPED,SOUTH,False
4,297,2026-04-05 03:04:14,PLACED,WEST,False
5,180,2025-08-12 00:00:00,RETURNED,SOUTH,False
6,363,2026-06-02 00:00:00,PLACED,WEST,False
7,UNKNOWN,2026-07-08 14:26:24,DELIVERED,CENTRAL,True
8,415,2026-03-08 00:41:29,CANCELLED,EAST,False
9,22,2025-08-26 03:42:34,SHIPPED,CENTRAL,False
10,371,2026-07-05 00:00:00,PLACED,SOUTH,False
11,411,2026-02-13 01:04:35,CANCELLED,EAST,False
12,227,2025-12-31 21:35:27,SHIPPED,NORTH,False
13,117,2026-04-07 18:49:43,SHIPPED,EAST,False
14,152,2025-12-10 05:41:14,SHIPPED,EAST,False
15,157,2026-02-16 22:44:00,PLACED,SOUTH,False
16,506,2026-07-24 12:53:05,RETURNED,CENTRAL,False
17,331,2026-07-17 21:11:05,DELIVERED,SOUTH,False
18,481,2026-07-24 02:25:56,DELIVERED,EAST,False
19,361,2026-03-20 20:41:50,DELIVERED,WEST,False
20,59,2026-07-13 03:18:03,DELIVERED,NORTH,False
21,93,2025-11-24 10:29:09,RETURNED,WEST,False
22,43,2026-02-16 08:25:33,RETURNED,SOUTH,False
23,488,2025-10-19 18:16:40,PLACED,WEST,False
24,352,2026-06-02 13:13:47,PLACED,CENTRAL,False
25,41,2026-07-31 11:35:27,CANCELLED,WEST,False
26,163,2026-02-24 05:53:57,DELIVERED,WEST,False
27,347,2025-11-26 14:03:46,PLACED,EAST,False
28,97,2026-01-11 06:17:39,CANCELLED,EAST,False
29,154,2025-11-03 23:50:36,RETURNED,SOUTH,False
30,318,2026-05-28 01:52:26,CANCELLED,SOUTH,False
31,87,2026-03-21 16:41:51,CANCELLED,EAST,False
32,540,2025-09-28 00:00:00,CANCELLED,CENTRAL,False
33,372,2025-08-30 18:29:10,SHIPPED,EAST,False
34,498,2026-03-01 21:59:53,SHIPPED,SOUTH,False
35,104,2026-06-16 03:31:27,RETURNED,CENTRAL,False
36,UNKNOWN,2026-01-21 02:04:24,RETURNED,SOUTH,True
37,158,2026-02-11 12:03:17,RETURNED,SOUTH,False
38,45,2026-08-09 16:00:09,SHIPPED,WEST,False
39,460,2026-03-07 18:06:40,SHIPPED,EAST,False
40,481,2025-08-22 09:17:40,SHIPPED,EAST,False
41,452,2026-02-20 21:11:49,DELIVERED,WEST,False
42,429,2025-12-22 14:45:22,SHIPPED,CENTRAL,False
43,257,2026-01-09 00:00:00,CANCELLED,EAST,False
44,106,2026-07-09 21:17:56,RETURNED,NORTH,False
45,165,2026-05-03 06:55:42,RETURNED,SOUTH,False
46,94,2026-06-07 01:44:15,SHIPPED,WEST,False
47,28,2025-10-16 15:02:45,CANCELLED,CENTRAL,False
48,396,2026-02-03 07:09:52,DELIVERED,SOUTH,False
49,UNKNOWN,2025-09-25 11:42:04,DELIVERED,SOUTH,True
50,294,2026-05-07 21:53:58,CANCELLED,SOUTH,False
51,481,2026-02-26 23:48:38,PLACED,NORTH,False
52,UNKNOWN,2026-02-04 09:57:26,SHIPPED,CENTRAL,True
53,541,2025-12-10 07:52:17,DELIVERED,SOUTH,False
54,49,2026-05-04 09:41:47,RETURNED,WEST,False
55,512,2025-08-13 00:15:20,PLACED,CENTRAL,False
56,148,2025-08-14 07:57:31,PLACED,CENTRAL,False
57,427,2026-04-28 12:53:04,PLACED,CENTRAL,False
58,70,2025-10-30 14:08:35,RETURNED,CENTRAL,False
59,520,2026-01-04 02:18:50,CANCELLED,WEST,False
60,UNKNOWN,2026-03-23 09:10:39,DELIVERED,EAST,True
61,366,2025-09-17 20:49:35,DELIVERED,SOUTH,False
62,107,2025-12-14 03:04:25,DELIVERED,SOUTH,False
63,UNKNOWN,2025-12-28 04:09:59,SHIPPED,WEST,True
64,491,2026-04-04 17:17:39,SHIPPED,NORTH,False
65,469,2026-07-10 00:00:00,SHIPPED,NORTH,False
66,43,2025-11-18 14:22:30,DELIVERED,CENTRAL,False
67,557,2025-10-21 10:10:32,PLACED,SOUTH,False
68,49,2026-03-10 18:46:12,DELIVERED,EAST,False
69,377,2025-11-19 19:43:09,CANCELLED,WEST,False
70,396,2025-11-09 20:05:08,SHIPPED,WEST,False
71,377,2025-11-22 08:51:19,RETURNED,EAST,False
72,435,2026-02-08 00:00:00,RETURNED,SOUTH,False
73,329,2026-04-04 00:00:00,DELIVERED,EAST,False
74,437,2025-12-20 23:40:45,CANCELLED,EAST,False
75,362,2025-12-29 20:26:56,CANCELLED,EAST,False
76,59,2025-10-20 00:00:00,CANCELLED,EAST,False
77,164,2026-02-19 10:39:43,SHIPPED,CENTRAL,False
78,449,2026-01-21 00:00:00,PLACED,SOUTH,False
79,376,2025-10-30 12:05:36,RETURNED,NORTH,False
80,461,2026-01-19 12:01:04,DELIVERED,WEST,False
81,141,2026-05-08 20:54:13,CANCELLED,EAST,False
82,256,2026-05-28 20:45:40,PLACED,SOUTH,False
83,397,2026-01-01 07:57:57,PLACED,EAST,False
84,457,2025-12-29 12:33:43,RETURNED,EAST,False
85,503,2026-07-07 12:41:05,SHIPPED,NORTH,False
86,456,2026-01-12 07:34:56,DELIVERED,EAST,False
87,556,2025-11-26 08:07:29,DELIVERED,SOUTH,False
88,179,2026-01-31 18:53:14,RETURNED,SOUTH,False
89,206,2025-10-18 14:28:39,SHIPPED,WEST,False
90,UNKNOWN,2026-03-19 15:42:47,DELIVERED,WEST,True
91,133,2025-09-29 16:05:39,PLACED,NORTH,False
92,491,2026-03-21 09:29:52,CANCELLED,CENTRAL,False
93,325,2026-05-03 03:52:59,CANCELLED,WEST,False
94,353,2025-11-06 00:00:00,RETURNED,CENTRAL,False
95,133,2026-06-21 22:35:44,PLACED,NORTH,False
96,312,2025-09-17 12:38:31,DELIVERED,SOUTH,False
97,532,2026-05-16 16:16:32,PLACED,EAST,False
98,282,2025-11-22 00:00:00,DELIVERED,CENTRAL,False
99,515,2026-06-18 00:25:41,RETURNED,CENTRAL,False
100,346,2025-11-09 07:39:07,RETURNED,NORTH,False
101,30,2026-03-13 00:00:00,RETURNED,EAST,False
102,427,2026-01-24 14:21:33,PLACED,WEST,False
103,559,2026-07-08 07:09:52,DELIVERED,WEST,False
104,416,2026-01-04 15:52:44,PLACED,NORTH,False
105,426,2025-10-24 21:13:48,SHIPPED,EAST,False
106,321,2025-10-05 09:09:02,DELIVERED,EAST,False
107,134,2026-06-16 10:40:41,RETURNED,CENTRAL,False
108,248,2026-05-23 13:29:56,DELIVERED,WEST,False
109,100,2025-10-06 00:00:00,CANCELLED,CENTRAL,False
110,164,2026-02-09 10:20:49,RETURNED,EAST,False
111,164,2026-06-18 15:09:43,RETURNED,WEST,False
112,316,2025-08-13 12:35:36,PLACED,WEST,False
113,247,2025-10-17 07:53:15,DELIVERED,NORTH,False
114,507,2026-01-20 10:38:45,CANCELLED,EAST,False
115,111,2026-02-19 18:22:40,DELIVERED,EAST,False
116,375,2025-09-30 00:00:00,PLACED,CENTRAL,False
117,372,2026-07-22 15:40:20,PLACED,WEST,False
118,287,2026-07-05 14:40:35,RETURNED,CENTRAL,False
119,100,2026-04-11 15:53:28,DELIVERED,CENTRAL,False
120,148,2026-02-26 12:38:34,RETURNED,WEST,False
121,47,2026-03-05 00:00:00,DELIVERED,WEST,False
122,153,2026-05-16 13:53:51,RETURNED,SOUTH,False
123,327,2025-12-10 08:34:47,RETURNED,EAST,False
124,520,2026-06-10 17:37:19,RETURNED,WEST,False
125,307,2026-02-14 17:25:03,PLACED,EAST,False
126,113,2025-12-04 06:18:35,RETURNED,EAST,False
127,28,2025-11-15 05:02:10,DELIVERED,CENTRAL,False
128,53,2026-03-16 01:17:55,SHIPPED,CENTRAL,False
129,390,2026-07-09 00:00:00,SHIPPED,NORTH,False
130,113,2026-03-18 06:23:23,CANCELLED,EAST,False
131,423,2025-08-28 06:28:17,CANCELLED,CENTRAL,False
132,483,2026-01-11 11:09:48,PLACED,SOUTH,False
133,333,2025-09-17 04:18:02,CANCELLED,CENTRAL,False
134,178,2026-05-04 22:07:03,RETURNED,EAST,False
135,271,2025-10-12 04:14:43,SHIPPED,SOUTH,False
136,306,2025-09-02 01:22:05,DELIVERED,EAST,False
137,501,2025-11-01 10:05:22,DELIVERED,CENTRAL,False
138,281,2026-06-21 19:07:22,RETURNED,CENTRAL,False
139,405,2025-11-16 11:56:24,SHIPPED,EAST,False
140,UNKNOWN,2026-02-10 19:27:28,PLACED,EAST,True
141,263,2026-07-01 13:34:18,SHIPPED,SOUTH,False
142,278,2026-04-11 08:31:47,DELIVERED,SOUTH,False
143,246,2025-09-16 03:23:14,RETURNED,SOUTH,False
144,54,2026-01-31 00:00:00,DELIVERED,WEST,False
145,141,2026-05-25 00:00:00,RETURNED,SOUTH,False
146,488,2025-12-17 17:00:49,SHIPPED,EAST,False
147,61,2025-11-18 15:00:44,PLACED,CENTRAL,False
148,39,2025-12-27 22:11:54,SHIPPED,WEST,False
149,181,2025-12-27 16:05:21,PLACED,WEST,False
150,191,2026-03-15 08:37:46,DELIVERED,NORTH,False
151,UNKNOWN,2026-03-14 05:59:09,PLACED,EAST,True
152,557,2026-08-06 15:12:34,SHIPPED,CENTRAL,False
153,198,2026-06-20 07:41:01,DELIVERED,SOUTH,False
154,264,2025-11-17 19:51:53,PLACED,EAST,False
155,198,2025-12-21 09:24:30,CANCELLED,WEST,False
156,89,2025-08-17 10:40:02,PLACED,SOUTH,False
157,489,2026-01-16 15:40:42,SHIPPED,NORTH,False
158,242,2025-09-25 19:48:14,DELIVERED,EAST,False
159,12,2025-12-24 02:11:20,DELIVERED,SOUTH,False
160,122,2026-07-12 14:14:59,SHIPPED,WEST,False
161,319,2026-04-30 15:59:16,DELIVERED,EAST,False
162,225,2026-04-01 22:09:58,CANCELLED,SOUTH,False
163,383,2025-10-26 00:12:45,RETURNED,WEST,False
164,224,2026-03-21 18:27:19,RETURNED,NORTH,False
165,541,2026-03-21 09:30:50,PLACED,CENTRAL,False
166,518,2026-04-19 02:58:26,RETURNED,SOUTH,False
167,533,2026-04-18 20:07:39,SHIPPED,CENTRAL,False
168,523,2026-03-06 20:23:48,PLACED,WEST,False
169,426,2025-10-16 12:36:30,PLACED,CENTRAL,False
170,316,2026-06-08 18:47:47,CANCELLED,EAST,False
171,224,2025-11-28 06:32:03,PLACED,WEST,False
172,66,2025-12-25 15:38:41,PLACED,NORTH,False
173,484,2025-12-13 00:00:00,CANCELLED,SOUTH,False
174,431,2026-04-28 04:24:02,CANCELLED,WEST,False
175,387,2026-02-23 23:28:35,RETURNED,SOUTH,False
176,357,2026-02-15 00:00:00,RETURNED,WEST,False
177,229,2026-06-06 14:55:46,PLACED,EAST,False
178,558,2026-05-22 18:42:36,CANCELLED,SOUTH,False
179,355,2026-01-30 07:28:45,SHIPPED,NORTH,False
180,UNKNOWN,2026-07-21 05:45:50,RETURNED,NORTH,True
181,69,2025-09-09 00:00:00,PLACED,WEST,False
182,50,2026-01-04 17:37:39,PLACED,WEST,False
183,553,2026-04-05 01:32:58,PLACED,SOUTH,False
184,297,2025-11-29 00:22:54,RETURNED,EAST,False
185,329,2026-02-05 20:16:16,SHIPPED,CENTRAL,False
186,308,2026-04-12 01:46:22,RETURNED,CENTRAL,False
187,180,2025-10-04 23:52:22,CANCELLED,CENTRAL,False
188,353,2026-07-12 22:32:11,CANCELLED,CENTRAL,False
189,427,2025-10-13 19:42:20,DELIVERED,WEST,False
190,551,2026-04-15 12:25:58,SHIPPED,EAST,False
191,148,2026-06-19 10:15:28,PLACED,CENTRAL,False
192,427,2026-08-05 08:39:26,SHIPPED,WEST,False
193,209,2025-12-18 18:28:32,PLACED,WEST,False
194,95,2026-01-20 13:24:11,SHIPPED,NORTH,False
195,41,2026-04-11 21:40:59,SHIPPED,CENTRAL,False
196,223,2026-04-04 12:55:57,DELIVERED,EAST,False
197,16,2026-03-19 17:50:13,SHIPPED,NORTH,False
198,491,2026-01-13 22:32:37,RETURNED,SOUTH,False
199,246,2026-07-05 10:07:02,DELIVERED,WEST,False
200,368,2026-07-28 00:19:20,DELIVERED,CENTRAL,False
201,478,2025-09-06 00:00:00,CANCELLED,EAST,False
202,380,2025-09-09 11:09:54,PLACED,CENTRAL,False
203,150,2025-10-11 00:00:00,RETURNED,CENTRAL,False
204,428,2025-12-21 04:36:37,SHIPPED,EAST,False
205,252,2025-11-06 08:56:02,DELIVERED,EAST,False
206,501,2025-12-09 11:39:11,CANCELLED,WEST,False
207,361,2025-12-10 19:18:28,RETURNED,WEST,False
208,556,2026-04-20 08:18:42,PLACED,CENTRAL,False
209,UNKNOWN,2025-11-30 21:25:35,PLACED,NORTH,True
210,237,2026-05-12 00:00:00,SHIPPED,NORTH,False
211,467,2025-11-21 14:48:43,RETURNED,CENTRAL,False
212,500,2026-04-01 00:00:00,RETURNED,CENTRAL,False
213,18,2026-04-17 02:18:32,DELIVERED,CENTRAL,False
214,18,2026-01-10 07:41:57,CANCELLED,SOUTH,False
215,99,2025-11-23 02:00:14,SHIPPED,SOUTH,False
216,259,2026-07-20 11:40:33,DELIVERED,WEST,False
217,416,2026-01-29 12:32:31,SHIPPED,SOUTH,False
218,83,2026-06-09 00:59:39,PLACED,NORTH,False
219,387,2026-07-10 19:43:40,PLACED,NORTH,False
220,85,2026-08-09 07:45:27,CANCELLED,EAST,False
221,98,2025-12-28 18:43:48,PLACED,SOUTH,False
222,487,2026-05-27 04:40:47,PLACED,EAST,False
223,34,2026-03-25 16:16:38,DELIVERED,NORTH,False
224,148,2026-02-28 01:15:40,CANCELLED,NORTH,False
225,247,2026-01-31 14:46:59,CANCELLED,CENTRAL,False
226,144,2026-01-17 12:26:46,PLACED,CENTRAL,False
227,355,2025-10-13 00:00:00,CANCELLED,SOUTH,False
228,349,2025-10-20 03:43:55,RETURNED,CENTRAL,False
229,335,2026-07-07 00:00:00,DELIVERED,WEST,False
230,365,2025-08-18 17:06:23,CANCELLED,WEST,False
231,390,2025-09-27 00:00:00,RETURNED,EAST,False
232,76,2026-05-19 00:00:00,SHIPPED,WEST,False
233,158,2025-11-08 20:40:21,DELIVERED,EAST,False
234,6,2026-04-23 20:17:09,CANCELLED,EAST,False
235,105,2025-11-15 00:00:00,SHIPPED,WEST,False
236,525,2026-08-09 23:17:59,PLACED,NORTH,False
237,96,2026-05-25 15:12:33,DELIVERED,WEST,False
238,UNKNOWN,2026-05-08 20:45:26,PLACED,CENTRAL,True
239,249,2026-05-27 21:52:10,SHIPPED,WEST,False
240,276,2025-09-09 20:02:45,CANCELLED,SOUTH,False
241,446,2025-10-30 12:27:25,DELIVERED,WEST,False
242,370,2025-10-13 13:30:24,SHIPPED,WEST,False
243,201,2026-01-10 22:31:18,SHIPPED,EAST,False
244,UNKNOWN,2025-09-18 17:54:18,RETURNED,WEST,True
245,338,2025-09-15 20:24:49,CANCELLED,CENTRAL,False
246,329,2025-09-03 12:22:36,SHIPPED,WEST,False
247,408,2026-08-08 13:20:18,DELIVERED,WEST,False
248,249,2026-07-16 23:46:55,DELIVERED,WEST,False
249,205,2026-02-09 12:11:59,RETURNED,SOUTH,False
250,28,2026-03-10 17:33:41,CANCELLED,SOUTH,False
251,299,2025-08-30 15:28:41,PLACED,WEST,False
252,143,2025-08-19 23:31:38,SHIPPED,EAST,False
253,434,2026-06-05 03:24:41,PLACED,WEST,False
254,491,2026-01-10 22:12:48,RETURNED,CENTRAL,False
255,429,2026-03-01 05:39:43,DELIVERED,CENTRAL,False
256,88,2026-06-02 00:00:00,SHIPPED,EAST,False
257,46,2025-09-11 01:44:45,CANCELLED,EAST,False
258,441,2025-09-19 00:00:00,PLACED,EAST,False
259,532,2025-11-19 16:01:15,RETURNED,SOUTH,False
260,401,2026-04-06 18:55:06,RETURNED,CENTRAL,False
261,26,2025-10-09 01:03:02,DELIVERED,WEST,False
262,88,2025-09-11 00:00:00,SHIPPED,EAST,False
263,467,2026-04-21 01:16:17,RETURNED,WEST,False
264,100,2026-08-06 12:49:58,CANCELLED,EAST,False
265,46,2026-07-19 14:58:46,PLACED,NORTH,False
266,112,2026-01-08 03:25:07,SHIPPED,SOUTH,False
267,164,2025-12-07 21:19:55,CANCELLED,WEST,False
268,415,2025-11-06 19:32:27,SHIPPED,WEST,False
269,203,2025-11-13 19:41:28,CANCELLED,WEST,False
270,UNKNOWN,2026-05-23 04:39:20,DELIVERED,NORTH,True
271,550,2025-11-28 02:29:39,DELIVERED,SOUTH,False
272,269,2026-01-28 20:20:35,CANCELLED,CENTRAL,False
273,321,2026-04-10 01:00:42,RETURNED,WEST,False
274,357,2025-09-27 20:01:52,CANCELLED,CENTRAL,False
275,305,2025-09-29 17:22:47,RETURNED,NORTH,False
276,321,2026-03-02 00:00:00,DELIVERED,NORTH,False
277,145,2026-07-01 09:20:26,CANCELLED,CENTRAL,False
278,393,2025-10-14 23:58:13,CANCELLED,CENTRAL,False
279,178,2025-08-20 20:05:32,CANCELLED,EAST,False
280,323,2025-08-23 09:27:24,RETURNED,NORTH,False
281,10,2026-04-24 10:30:53,SHIPPED,WEST,False
282,518,2025-12-26 07:47:24,CANCELLED,WEST,False
283,455,2026-07-09 21:00:25,PLACED,CENTRAL,False
284,UNKNOWN,2026-07-31 04:44:44,DELIVERED,NORTH,True
285,551,2025-12-14 00:53:04,CANCELLED,CENTRAL,False
286,508,2026-07-11 09:05:59,PLACED,CENTRAL,False
287,557,2026-02-10 15:52:20,DELIVERED,CENTRAL,False
288,43,2026-02-07 04:20:50,CANCELLED,CENTRAL,False
289,436,2026-07-13 00:00:00,SHIPPED,EAST,False
290,34,2026-03-07 16:23:53,DELIVERED,NORTH,False
291,121,2026-08-07 19:17:33,SHIPPED,SOUTH,False
292,360,2025-11-23 12:52:30,RETURNED,WEST,False
293,143,2026-03-10 18:36:04,SHIPPED,NORTH,False
294,546,2026-01-29 12:02:38,RETURNED,SOUTH,False
295,300,2025-10-01 05:09:02,DELIVERED,CENTRAL,False
296,98,2026-05-07 00:00:00,CANCELLED,NORTH,False
297,130,2026-03-07 04:18:47,SHIPPED,SOUTH,False
298,330,2025-10-17 11:53:22,CANCELLED,WEST,False
299,276,2026-03-27 04:43:55,CANCELLED,WEST,False
300,96,2026-03-29 19:40:37,DELIVERED,EAST,False
301,500,2026-02-03 01:04:54,PLACED,NORTH,False
302,470,2026-04-11 19:34:40,DELIVERED,NORTH,False
303,408,2026-05-27 14:09:02,CANCELLED,SOUTH,False
304,331,2026-04-13 16:21:02,DELIVERED,CENTRAL,False
305,497,2026-07-16 10:45:31,PLACED,NORTH,False
306,471,2026-03-16 00:00:00,SHIPPED,WEST,False
307,439,2026-01-25 16:04:17,SHIPPED,EAST,False
308,281,2026-03-01 00:00:00,DELIVERED,EAST,False
309,170,2026-04-15 00:00:00,DELIVERED,SOUTH,False
310,94,2026-04-15 02:37:26,PLACED,SOUTH,False
311,136,2026-03-05 01:01:02,RETURNED,WEST,False
312,UNKNOWN,2025-12-08 00:02:28,PLACED,WEST,True
313,490,2026-07-28 00:00:00,CANCELLED,NORTH,False
314,105,2025-12-22 00:00:00,DELIVERED,EAST,False
315,137,2026-02-12 19:06:27,SHIPPED,NORTH,False
316,9,2026-03-07 07:51:36,SHIPPED,WEST,False
317,219,2025-11-05 22:46:44,SHIPPED,WEST,False
318,454,2026-06-18 06:12:31,PLACED,NORTH,False
319,127,2025-09-13 12:29:33,CANCELLED,EAST,False
320,323,2026-01-28 08:13:30,SHIPPED,EAST,False
321,255,2025-12-07 07:19:41,RETURNED,CENTRAL,False
322,28,2025-12-29 19:08:10,DELIVERED,SOUTH,False
323,522,2026-01-16 19:48:23,CANCELLED,EAST,False
324,246,2025-11-18 15:21:56,PLACED,SOUTH,False
325,73,2025-10-09 05:10:52,PLACED,EAST,False
326,136,2025-12-05 15:17:35,RETURNED,WEST,False
327,177,2025-08-13 20:10:33,PLACED,NORTH,False
328,15,2025-08-09 18:38:57,PLACED,NORTH,False
329,408,2026-02-28 23:26:58,RETURNED,WEST,False
330,412,2026-06-22 00:00:00,RETURNED,CENTRAL,False
331,285,2026-05-31 00:00:00,PLACED,CENTRAL,False
332,160,2026-07-05 01:13:21,CANCELLED,CENTRAL,False
333,68,2025-10-01 16:12:03,CANCELLED,SOUTH,False
334,89,2025-12-21 07:01:42,PLACED,WEST,False
335,57,2025-11-29 02:36:23,SHIPPED,NORTH,False
336,UNKNOWN,2026-02-07 00:00:00,PLACED,SOUTH,True
337,356,2026-03-05 13:16:18,DELIVERED,SOUTH,False
338,276,2025-08-12 23:18:34,PLACED,NORTH,False
339,440,2026-05-03 20:16:09,PLACED,EAST,False
340,79,2026-08-02 20:16:31,RETURNED,EAST,False
341,171,2026-02-16 18:55:26,DELIVERED,NORTH,False
342,119,2026-05-30 03:18:16,RETURNED,NORTH,False
343,UNKNOWN,2026-02-11 00:22:33,SHIPPED,NORTH,True
344,393,2025-12-04 02:21:39,SHIPPED,NORTH,False
345,430,2025-08-13 06:54:38,SHIPPED,WEST,False
346,328,2026-06-03 04:12:25,PLACED,CENTRAL,False
347,515,2026-01-23 21:44:11,PLACED,SOUTH,False
348,529,2026-06-15 15:21:33,CANCELLED,NORTH,False
349,290,2025-12-01 12:01:30,DELIVERED,EAST,False
350,468,2026-03-29 00:00:00,SHIPPED,EAST,False
351,312,2025-11-07 12:52:20,SHIPPED,WEST,False
352,506,2026-06-15 04:11:56,SHIPPED,CENTRAL,False
353,252,2025-08-12 13:03:54,CANCELLED,NORTH,False
354,355,2026-03-10 15:29:47,PLACED,EAST,False
355,UNKNOWN,2026-01-01 20:24:07,DELIVERED,NORTH,True
356,244,2025-10-21 23:23:51,PLACED,SOUTH,False
357,96,2026-01-16 00:00:00,SHIPPED,CENTRAL,False
358,382,2026-07-18 08:08:06,PLACED,CENTRAL,False
359,137,2026-03-15 10:32:02,CANCELLED,NORTH,False
360,64,2026-01-26 11:54:54,SHIPPED,SOUTH,False
361,323,2026-01-10 01:08:40,CANCELLED,EAST,False
362,279,2025-11-14 18:59:21,SHIPPED,SOUTH,False
363,112,2025-10-12 03:34:14,SHIPPED,WEST,False
364,417,2026-05-14 00:00:00,DELIVERED,SOUTH,False
365,475,2026-05-23 00:13:29,PLACED,NORTH,False
366,312,2026-04-17 14:51:33,RETURNED,NORTH,False
367,336,2026-01-08 00:00:00,SHIPPED,EAST,False
368,51,2026-06-27 11:17:11,DELIVERED,SOUTH,False
369,UNKNOWN,2026-01-03 16:20:28,CANCELLED,CENTRAL,True
370,256,2025-11-03 00:00:00,PLACED,SOUTH,False
371,64,2025-11-19 20:56:32,SHIPPED,SOUTH,False
372,411,2025-09-09 12:04:36,PLACED,CENTRAL,False
373,77,2026-01-20 00:00:00,PLACED,SOUTH,False
374,455,2026-04-09 14:13:17,PLACED,EAST,False
375,473,2025-11-10 00:00:00,RETURNED,WEST,False
376,405,2026-02-26 08:56:36,CANCELLED,WEST,False
377,220,2026-06-02 15:48:07,DELIVERED,EAST,False
378,153,2026-06-16 00:00:00,RETURNED,CENTRAL,False
379,303,2026-07-29 03:10:42,RETURNED,WEST,False
380,287,2026-04-04 21:22:40,CANCELLED,SOUTH,False
381,539,2026-06-19 08:55:57,RETURNED,NORTH,False
382,368,2026-05-06 05:38:03,CANCELLED,EAST,False
383,515,2026-05-02 15:05:55,DELIVERED,SOUTH,False
384,UNKNOWN,2025-11-23 07:45:18,PLACED,EAST,True
385,484,2025-11-28 07:10:09,RETURNED,SOUTH,False
386,103,2026-04-18 13:50:46,SHIPPED,EAST,False
387,58,2026-05-25 06:22:08,SHIPPED,CENTRAL,False
388,398,2026-03-04 07:52:06,SHIPPED,SOUTH,False
389,326,2026-06-19 20:25:53,DELIVERED,CENTRAL,False
390,UNKNOWN,2025-11-22 03:23:29,RETURNED,CENTRAL,True
391,193,2026-01-17 02:19:54,CANCELLED,CENTRAL,False
392,503,2025-10-21 00:00:00,PLACED,SOUTH,False
393,21,2026-07-07 04:49:03,PLACED,EAST,False
394,207,2025-09-05 07:55:08,DELIVERED,SOUTH,False
395,332,2025-10-19 00:00:00,SHIPPED,CENTRAL,False
396,146,2025-10-01 19:13:00,RETURNED,EAST,False
397,383,2025-11-30 05:00:44,CANCELLED,CENTRAL,False
398,310,2025-09-21 14:23:03,SHIPPED,WEST,False
399,499,2026-04-14 02:03:32,SHIPPED,CENTRAL,False
400,366,2026-02-02 13:53:35,RETURNED,SOUTH,False
401,302,2026-04-06 00:00:00,PLACED,CENTRAL,False
402,34,2026-02-01 13:53:06,DELIVERED,CENTRAL,False
403,107,2025-11-23 10:15:45,SHIPPED,EAST,False
404,244,2026-05-08 18:39:59,DELIVERED,SOUTH,False
405,91,2026-04-08 14:16:28,DELIVERED,WEST,False
406,UNKNOWN,2026-02-16 19:31:25,PLACED,EAST,True
407,111,2025-10-21 16:06:47,PLACED,WEST,False
408,430,2025-12-12 06:24:17,CANCELLED,WEST,False
409,360,2025-08-17 06:34:00,PLACED,WEST,False
410,231,2025-10-07 19:55:22,PLACED,NORTH,False
411,327,2025-08-29 00:23:34,PLACED,NORTH,False
412,385,2026-03-05 12:04:38,PLACED,CENTRAL,False
413,96,2025-08-18 08:03:48,RETURNED,WEST,False
414,442,2025-10-20 22:51:09,SHIPPED,CENTRAL,False
415,161,2025-09-18 00:00:00,DELIVERED,SOUTH,False
416,420,2025-11-27 07:17:12,RETURNED,EAST,False
417,305,2025-11-22 06:52:08,PLACED,WEST,False
418,503,2025-09-27 07:14:18,DELIVERED,NORTH,False
419,302,2026-05-14 11:53:52,RETURNED,WEST,False
420,27,2026-01-27 00:07:40,DELIVERED,NORTH,False
421,119,2026-05-19 02:55:03,CANCELLED,WEST,False
422,272,2025-08-12 00:00:00,RETURNED,WEST,False
423,391,2025-11-08 03:44:23,CANCELLED,NORTH,False
424,477,2025-09-13 18:29:07,DELIVERED,CENTRAL,False
425,100,2025-10-07 00:00:00,DELIVERED,CENTRAL,False
426,233,2025-08-15 11:02:02,CANCELLED,CENTRAL,False
427,549,2026-02-17 10:17:00,CANCELLED,CENTRAL,False
428,488,2025-11-02 02:07:41,CANCELLED,NORTH,False
429,530,2025-12-20 12:38:50,RETURNED,SOUTH,False
430,460,2026-01-19 22:44:15,SHIPPED,SOUTH,False
431,130,2025-12-08 00:00:00,PLACED,WEST,False
432,152,2026-06-10 21:16:46,DELIVERED,EAST,False
433,69,2026-06-16 00:00:00,RETURNED,WEST,False
434,283,2026-02-19 07:10:25,PLACED,CENTRAL,False
435,430,2025-12-31 00:00:00,SHIPPED,SOUTH,False
436,103,2026-02-05 19:38:27,RETURNED,NORTH,False
437,549,2026-05-07 09:41:30,CANCELLED,EAST,False
438,498,2026-06-13 02:24:05,CANCELLED,NORTH,False
439,413,2025-08-22 00:00:00,RETURNED,WEST,False
440,UNKNOWN,2025-12-15 23:55:44,DELIVERED,SOUTH,True
441,UNKNOWN,2025-09-09 21:31:19,DELIVERED,EAST,True
442,UNKNOWN,2026-07-03 08:12:35,DELIVERED,EAST,True
443,504,2026-05-28 05:36:14,PLACED,SOUTH,False
444,454,2025-10-05 11:25:33,DELIVERED,EAST,False
445,92,2025-08-31 12:06:13,SHIPPED,WEST,False
446,529,2025-11-21 05:46:55,PLACED,CENTRAL,False
447,68,2026-06-06 23:23:51,RETURNED,WEST,False
448,537,2026-01-09 03:25:28,PLACED,SOUTH,False
449,206,2025-09-06 11:08:31,SHIPPED,NORTH,False
450,370,2026-03-08 16:42:16,DELIVERED,EAST,False
451,518,2026-02-08 07:52:27,PLACED,NORTH,False
452,501,2025-10-19 06:27:29,SHIPPED,WEST,False
453,359,2025-10-23 09:09:02,DELIVERED,NORTH,False
454,396,2026-07-23 00:00:00,RETURNED,SOUTH,False
455,231,2026-07-02 13:30:11,DELIVERED,WEST,False
456,10,2025-11-14 20:41:53,SHIPPED,SOUTH,False
457,9,2026-06-23 03:07:02,RETURNED,EAST,False
458,282,2026-01-04 22:20:52,CANCELLED,EAST,False
459,224,2026-06-27 09:39:26,RETURNED,CENTRAL,False
460,105,2025-08-14 00:00:00,DELIVERED,CENTRAL,False
461,290,2025-09-26 02:33:09,PLACED,WEST,False
462,284,2026-06-04 01:25:30,DELIVERED,EAST,False
463,306,2026-05-14 07:06:45,RETURNED,SOUTH,False
464,414,2025-11-14 10:17:09,SHIPPED,NORTH,False
465,303,2026-01-06 04:21:53,CANCELLED,WEST,False
466,37,2026-06-05 06:07:46,RETURNED,SOUTH,False
467,228,2026-01-28 18:29:01,CANCELLED,EAST,False
468,175,2025-11-13 17:30:25,RETURNED,SOUTH,False
469,483,2026-05-23 00:00:00,DELIVERED,CENTRAL,False
470,188,2025-08-22 18:07:37,DELIVERED,NORTH,False
471,229,2025-10-26 02:16:46,DELIVERED,WEST,False
472,340,2026-02-04 17:04:43,RETURNED,EAST,False
473,121,2026-05-22 07:29:37,RETURNED,CENTRAL,False
474,73,2026-06-05 03:59:30,SHIPPED,CENTRAL,False
475,391,2025-09-15 05:33:43,CANCELLED,NORTH,False
476,155,2026-02-28 00:00:00,SHIPPED,EAST,False
477,469,2026-04-25 00:00:00,SHIPPED,NORTH,False
478,182,2025-10-29 16:39:24,PLACED,NORTH,False
479,215,2026-02-09 08:50:31,SHIPPED,CENTRAL,False
480,502,2026-01-07 20:40:38,PLACED,SOUTH,False
481,440,2026-05-01 09:17:28,CANCELLED,WEST,False
482,UNKNOWN,2025-12-08 22:51:31,DELIVERED,NORTH,True
483,544,2026-08-08 07:56:49,PLACED,SOUTH,False
484,353,2025-12-13 04:57:20,PLACED,WEST,False
485,314,2025-10-10 08:09:15,PLACED,EAST,False
486,467,2026-04-11 02:01:28,RETURNED,CENTRAL,False
487,138,2026-05-19 13:27:00,CANCELLED,EAST,False
488,169,2025-08-26 02:59:23,CANCELLED,NORTH,False
489,135,2026-05-25 23:07:29,PLACED,CENTRAL,False
490,127,2026-08-08 19:11:05,PLACED,WEST,False
491,262,2026-03-11 04:14:41,RETURNED,NORTH,False
492,50,2026-02-28 01:10:23,PLACED,NORTH,False
493,427,2025-09-26 04:13:48,PLACED,CENTRAL,False
494,157,2025-11-16 02:50:04,PLACED,EAST,False
495,104,2026-02-12 15:10:24,DELIVERED,CENTRAL,False
496,141,2026-04-14 17:13:35,PLACED,CENTRAL,False
497,121,2025-12-03 18:55:42,PLACED,WEST,False
498,205,2025-10-25 22:01:37,RETURNED,SOUTH,False
499,420,2025-12-27 17:12:30,PLACED,CENTRAL,False
500,213,2026-07-20 10:04:14,CANCELLED,EAST,False
501,14,2025-08-29 23:16:45,PLACED,CENTRAL,False
502,153,2026-07-11 03:39:41,RETURNED,NORTH,False
503,104,2026-04-25 15:50:03,SHIPPED,WEST,False
504,304,2025-11-02 07:43:19,PLACED,NORTH,False
505,41,2025-09-22 14:21:29,DELIVERED,EAST,False
506,119,2025-11-09 00:00:00,PLACED,NORTH,False
507,175,2026-04-12 12:55:39,CANCELLED,CENTRAL,False
508,96,2026-01-25 08:28:06,DELIVERED,SOUTH,False
509,410,2025-12-13 18:28:24,DELIVERED,WEST,False
510,490,2025-08-15 14:13:47,SHIPPED,NORTH,False
511,61,2025-10-13 17:42:00,SHIPPED,NORTH,False
512,495,2026-06-14 06:02:37,CANCELLED,SOUTH,False
513,368,2025-11-24 23:13:39,SHIPPED,WEST,False
514,116,2026-03-24 19:33:30,CANCELLED,NORTH,False
515,322,2025-09-25 00:00:00,RETURNED,CENTRAL,False
516,230,2026-01-10 10:59:21,DELIVERED,CENTRAL,False
517,98,2026-06-12 05:08:30,SHIPPED,WEST,False
518,395,2025-11-12 00:00:00,RETURNED,CENTRAL,False
519,161,2025-08-13 05:01:15,CANCELLED,WEST,False
520,77,2025-08-26 01:11:42,DELIVERED,SOUTH,False
521,285,2026-03-23 00:00:00,SHIPPED,CENTRAL,False
522,413,2026-06-10 00:18:25,PLACED,WEST,False
523,459,2026-05-05 00:00:00,CANCELLED,WEST,False
524,510,2026-02-10 07:37:56,PLACED,NORTH,False
525,37,2026-05-04 02:12:09,PLACED,NORTH,False
526,312,2026-03-29 06:53:23,RETURNED,SOUTH,False
527,468,2025-10-08 22:25:05,DELIVERED,NORTH,False
528,466,2025-12-31 23:28:30,RETURNED,CENTRAL,False
529,373,2026-06-05 02:08:14,PLACED,NORTH,False
530,228,2025-09-13 00:00:00,DELIVERED,EAST,False
531,383,2025-11-14 08:02:53,PLACED,SOUTH,False
532,420,2025-10-09 00:00:00,RETURNED,SOUTH,False
533,403,2026-02-19 21:22:24,SHIPPED,EAST,False
534,425,2025-09-14 00:00:00,RETURNED,NORTH,False
535,462,2026-05-03 03:15:21,RETURNED,CENTRAL,False
536,511,2026-04-06 00:00:00,PLACED,CENTRAL,False
537,495,2025-12-19 04:06:40,SHIPPED,CENTRAL,False
538,132,2026-08-06 00:00:00,RETURNED,CENTRAL,False
539,517,2026-05-31 17:24:08,CANCELLED,CENTRAL,False
540,255,2026-04-09 12:26:39,DELIVERED,EAST,False
541,137,2025-09-02 00:00:00,RETURNED,CENTRAL,False
542,322,2025-09-01 22:55:59,RETURNED,SOUTH,False
543,298,2025-12-25 19:27:12,SHIPPED,SOUTH,False
544,331,2026-04-17 01:39:43,DELIVERED,CENTRAL,False
545,428,2025-10-08 12:24:44,RETURNED,EAST,False
546,433,2026-05-09 02:38:26,RETURNED,NORTH,False
547,UNKNOWN,2026-03-06 00:00:00,PLACED,SOUTH,True
548,165,2026-06-13 02:47:19,DELIVERED,SOUTH,False
549,303,2025-09-20 10:45:05,RETURNED,NORTH,False
550,464,2025-09-27 00:00:00,RETURNED,SOUTH,False
551,399,2026-02-15 04:48:49,DELIVERED,NORTH,False
552,397,2025-11-08 02:28:24,DELIVERED,CENTRAL,False
553,258,2025-12-10 18:00:54,CANCELLED,SOUTH,False
554,377,2026-03-14 13:59:30,RETURNED,CENTRAL,False
555,199,2026-06-11 23:43:03,SHIPPED,NORTH,False
556,178,2026-04-17 02:19:28,PLACED,WEST,False
557,UNKNOWN,2026-05-30 14:43:14,DELIVERED,SOUTH,True
558,262,2025-12-22 00:00:00,CANCELLED,SOUTH,False
559,UNKNOWN,2026-06-18 13:49:45,RETURNED,NORTH,True
560,309,2026-07-22 01:55:45,RETURNED,CENTRAL,False
561,326,2026-01-27 02:56:42,SHIPPED,CENTRAL,False
562,518,2026-05-21 11:36:13,RETURNED,CENTRAL,False
563,358,2025-10-23 16:21:20,SHIPPED,EAST,False
564,301,2025-08-18 00:48:41,RETURNED,CENTRAL,False
565,10,2026-05-04 00:00:00,DELIVERED,WEST,False
566,250,2026-01-03 10:51:01,DELIVERED,WEST,False
567,117,2025-12-26 20:09:05,RETURNED,EAST,False
568,UNKNOWN,2026-05-18 01:40:41,DELIVERED,CENTRAL,True
569,457,2025-10-01 01:35:00,DELIVERED,SOUTH,False
570,85,2025-11-15 02:26:48,SHIPPED,CENTRAL,False
571,68,2026-07-24 17:56:07,SHIPPED,WEST,False
572,211,2025-08-25 01:50:54,CANCELLED,NORTH,False
573,158,2026-02-14 00:00:00,DELIVERED,NORTH,False
574,56,2026-05-11 04:01:12,DELIVERED,CENTRAL,False
575,234,2026-01-26 15:35:03,CANCELLED,WEST,False
576,415,2026-03-14 20:16:38,PLACED,WEST,False
577,548,2025-12-02 00:00:00,RETURNED,NORTH,False
578,47,2026-03-08 12:26:12,PLACED,EAST,False
579,109,2026-05-07 10:39:05,DELIVERED,CENTRAL,False
580,449,2026-02-16 01:46:37,PLACED,WEST,False
581,226,2025-10-22 00:00:00,CANCELLED,CENTRAL,False
582,148,2026-03-17 19:49:53,DELIVERED,NORTH,False
583,145,2025-10-21 00:00:00,PLACED,CENTRAL,False
584,551,2026-03-08 20:41:57,PLACED,EAST,False
585,353,2025-12-22 18:15:29,RETURNED,SOUTH,False
586,227,2025-12-13 10:42:46,DELIVERED,SOUTH,False
587,56,2026-05-21 04:16:25,RETURNED,WEST,False
588,75,2026-02-07 15:32:37,PLACED,EAST,False
589,499,2025-11-24 15:59:54,DELIVERED,SOUTH,False
590,241,2026-07-12 00:00:00,RETURNED,NORTH,False
591,326,2026-06-28 14:31:42,DELIVERED,CENTRAL,False
592,157,2026-03-30 05:53:24,DELIVERED,EAST,False
593,173,2026-07-30 00:00:00,SHIPPED,SOUTH,False
594,447,2026-07-09 22:47:49,DELIVERED,SOUTH,False
595,340,2026-03-13 02:17:33,CANCELLED,WEST,False
596,313,2025-10-11 00:17:51,PLACED,SOUTH,False
597,84,2025-09-05 11:45:53,SHIPPED,CENTRAL,False
598,79,2026-03-04 00:20:53,PLACED,CENTRAL,False
599,415,2025-10-08 22:43:50,SHIPPED,NORTH,False
600,557,2026-01-31 06:21:10,RETURNED,WEST,False
