product_id,product_key,product_name,product_cost,product_line,start_date,end_date,cat_id,product_key_short,is_current,effective_from,effective_to,category_id,category,subcategory,maintenance
210,CO-RF-FR-R92B-58,HL Road Frame - Black- 58,,R,2003-07-01,,CO_RF,FR-R92B-58,True,2003-07-01,9999-12-31,CO_RF,Components,Road Frames,Yes
211,CO-RF-FR-R92R-58,HL Road Frame - Red- 58,,R,2003-07-01,,CO_RF,FR-R92R-58,True,2003-07-01,9999-12-31,CO_RF,Components,Road Frames,Yes
212,AC-HE-HL-U509-R,Sport-100 Helmet- Red,12.0,S,2011-07-01,2007-12-28,AC_HE,HL-U509-R,False,2011-07-01,2007-12-28,AC_HE,Accessories,Helmets,Yes
213,AC-HE-HL-U509-R,Sport-100 Helmet- Red,14.0,S,2012-07-01,2008-12-27,AC_HE,HL-U509-R,False,2012-07-01,2008-12-27,AC_HE,Accessories,Helmets,Yes
214,AC-HE-HL-U509-R,Sport-100 Helmet- Red,13.0,S,2013-07-01,,AC_HE,HL-U509-R,True,2013-07-01,9999-12-31,AC_HE,Accessories,Helmets,Yes
215,AC-HE-HL-U509,Sport-100 Helmet- Black,12.0,S,2011-07-01,2007-12-28,AC_HE,HL-U509,False,2011-07-01,2007-12-28,AC_HE,Accessories,Helmets,Yes
216,AC-HE-HL-U509,Sport-100 Helmet- Black,14.0,S,2012-07-01,2008-12-27,AC_HE,HL-U509,False,2012-07-01,2008-12-27,AC_HE,Accessories,Helmets,Yes
217,AC-HE-HL-U509,Sport-100 Helmet- Black,13.0,S,2013-07-01,,AC_HE,HL-U509,True,2013-07-01,9999-12-31,AC_HE,Accessories,Helmets,Yes
218,CL-SO-SO-B909-M,Mountain Bike Socks- M,3.0,M,2011-07-01,2007-12-28,CL_SO,SO-B909-M,False,2011-07-01,2007-12-28,CL_SO,Clothing,Socks,No
219,CL-SO-SO-B909-L,Mountain Bike Socks- L,3.0,M,2011-07-01,2007-12-28,CL_SO,SO-B909-L,False,2011-07-01,2007-12-28,CL_SO,Clothing,Socks,No
220,AC-HE-HL-U509-B,Sport-100 Helmet- Blue,12.0,S,2011-07-01,2007-12-28,AC_HE,HL-U509-B,False,2011-07-01,2007-12-28,AC_HE,Accessories,Helmets,Yes
221,AC-HE-HL-U509-B,Sport-100 Helmet- Blue,14.0,S,2012-07-01,2008-12-27,AC_HE,HL-U509-B,False,2012-07-01,2008-12-27,AC_HE,Accessories,Helmets,Yes
222,AC-HE-HL-U509-B,Sport-100 Helmet- Blue,13.0,S,2013-07-01,,AC_HE,HL-U509-B,True,2013-07-01,9999-12-31,AC_HE,Accessories,Helmets,Yes
223,CL-CA-CA-1098,AWC Logo Cap,6.0,S,2011-07-01,2007-12-28,CL_CA,CA-1098,False,2011-07-01,2007-12-28,CL_CA,Clothing,Caps,No
224,CL-CA-CA-1098,AWC Logo Cap,5.0,S,2012-07-01,2008-12-27,CL_CA,CA-1098,False,2012-07-01,2008-12-27,CL_CA,Clothing,Caps,No
225,CL-CA-CA-1098,AWC Logo Cap,7.0,S,2013-07-01,,CL_CA,CA-1098,True,2013-07-01,9999-12-31,CL_CA,Clothing,Caps,No
226,CL-JE-LJ-0192-S,Long-Sleeve Logo Jersey- S,32.0,S,2011-07-01,2007-12-28,CL_JE,LJ-0192-S,False,2011-07-01,2007-12-28,CL_JE,Clothing,Jerseys,No
227,CL-JE-LJ-0192-S,Long-Sleeve Logo Jersey- S,29.0,S,2012-07-01,2008-12-27,CL_JE,LJ-0192-S,False,2012-07-01,2008-12-27,CL_JE,Clothing,Jerseys,No
228,CL-JE-LJ-0192-S,Long-Sleeve Logo Jersey- S,38.0,S,2013-07-01,,CL_JE,LJ-0192-S,True,2013-07-01,9999-12-31,CL_JE,Clothing,Jerseys,No
229,CL-JE-LJ-0192-M,Long-Sleeve Logo Jersey- M,32.0,S,2011-07-01,2007-12-28,CL_JE,LJ-0192-M,False,2011-07-01,2007-12-28,CL_JE,Clothing,Jerseys,No
230,CL-JE-LJ-0192-M,Long-Sleeve Logo Jersey- M,29.0,S,2012-07-01,2008-12-27,CL_JE,LJ-0192-M,False,2012-07-01,2008-12-27,CL_JE,Clothing,Jerseys,No
231,CL-JE-LJ-0192-M,Long-Sleeve Logo Jersey- M,38.0,S,2013-07-01,,CL_JE,LJ-0192-M,True,2013-07-01,9999-12-31,CL_JE,Clothing,Jerseys,No
232,CL-JE-LJ-0192-L,Long-Sleeve Logo Jersey- L,32.0,S,2011-07-01,2007-12-28,CL_JE,LJ-0192-L,False,2011-07-01,2007-12-28,CL_JE,Clothing,Jerseys,No
233,CL-JE-LJ-0192-L,Long-Sleeve Logo Jersey- L,29.0,S,2012-07-01,2008-12-27,CL_JE,LJ-0192-L,False,2012-07-01,2008-12-27,CL_JE,Clothing,Jerseys,No
234,CL-JE-LJ-0192-L,Long-Sleeve Logo Jersey- L,38.0,S,2013-07-01,,CL_JE,LJ-0192-L,True,2013-07-01,9999-12-31,CL_JE,Clothing,Jerseys,No
235,CL-JE-LJ-0192-X,Long-Sleeve Logo Jersey- XL,32.0,S,2011-07-01,2007-12-28,CL_JE,LJ-0192-X,False,2011-07-01,2007-12-28,CL_JE,Clothing,Jerseys,No
236,CL-JE-LJ-0192-X,Long-Sleeve Logo Jersey- XL,29.0,S,2012-07-01,2008-12-27,CL_JE,LJ-0192-X,False,2012-07-01,2008-12-27,CL_JE,Clothing,Jerseys,No
237,CL-JE-LJ-0192-X,Long-Sleeve Logo Jersey- XL,38.0,S,2013-07-01,,CL_JE,LJ-0192-X,True,2013-07-01,9999-12-31,CL_JE,Clothing,Jerseys,No
238,CO-RF-FR-R92R-62,HL Road Frame - Red- 62,748.0,R,2011-07-01,2007-12-28,CO_RF,FR-R92R-62,False,2011-07-01,2007-12-28,CO_RF,Components,Road Frames,Yes
239,CO-RF-FR-R92R-62,HL Road Frame - Red- 62,722.0,R,2012-07-01,2008-12-27,CO_RF,FR-R92R-62,False,2012-07-01,2008-12-27,CO_RF,Components,Road Frames,Yes
240,CO-RF-FR-R92R-62,HL Road Frame - Red- 62,869.0,R,2013-07-01,,CO_RF,FR-R92R-62,True,2013-07-01,9999-12-31,CO_RF,Components,Road Frames,Yes
241,CO-RF-FR-R92R-44,HL Road Frame - Red- 44,748.0,R,2011-07-01,2007-12-28,CO_RF,FR-R92R-44,False,2011-07-01,2007-12-28,CO_RF,Components,Road Frames,Yes
242,CO-RF-FR-R92R-44,HL Road Frame - Red- 44,722.0,R,2012-07-01,2008-12-27,CO_RF,FR-R92R-44,False,2012-07-01,2008-12-27,CO_RF,Components,Road Frames,Yes
243,CO-RF-FR-R92R-44,HL Road Frame - Red- 44,869.0,R,2013-07-01,,CO_RF,FR-R92R-44,True,2013-07-01,9999-12-31,CO_RF,Components,Road Frames,Yes
244,CO-RF-FR-R92R-48,HL Road Frame - Red- 48,748.0,R,2011-07-01,2007-12-28,CO_RF,FR-R92R-48,False,2011-07-01,2007-12-28,CO_RF,Components,Road Frames,Yes
245,CO-RF-FR-R92R-48,HL Road Frame - Red- 48,722.0,R,2012-07-01,2008-12-27,CO_RF,FR-R92R-48,False,2012-07-01,2008-12-27,CO_RF,Components,Road Frames,Yes
246,CO-RF-FR-R92R-48,HL Road Frame - Red- 48,869.0,R,2013-07-01,,CO_RF,FR-R92R-48,True,2013-07-01,9999-12-31,CO_RF,Components,Road Frames,Yes
247,CO-RF-FR-R92R-52,HL Road Frame - Red- 52,748.0,R,2011-07-01,2007-12-28,CO_RF,FR-R92R-52,False,2011-07-01,2007-12-28,CO_RF,Components,Road Frames,Yes
248,CO-RF-FR-R92R-52,HL Road Frame - Red- 52,722.0,R,2012-07-01,2008-12-27,CO_RF,FR-R92R-52,False,2012-07-01,2008-12-27,CO_RF,Components,Road Frames,Yes
249,CO-RF-FR-R92R-52,HL Road Frame - Red- 52,869.0,R,2013-07-01,,CO_RF,FR-R92R-52,True,2013-07-01,9999-12-31,CO_RF,Components,Road Frames,Yes
250,CO-RF-FR-R92R-56,HL Road Frame - Red- 56,748.0,R,2011-07-01,2007-12-28,CO_RF,FR-R92R-56,False,2011-07-01,2007-12-28,CO_RF,Components,Road Frames,Yes
251,CO-RF-FR-R92R-56,HL Road Frame - Red- 56,722.0,R,2012-07-01,2008-12-27,CO_RF,FR-R92R-56,False,2012-07-01,2008-12-27,CO_RF,Components,Road Frames,Yes
252,CO-RF-FR-R92R-56,HL Road Frame - Red- 56,869.0,R,2013-07-01,,CO_RF,FR-R92R-56,True,2013-07-01,9999-12-31,CO_RF,Components,Road Frames,Yes
253,CO-RF-FR-R38B-58,LL Road Frame - Black- 58,176.0,R,2011-07-01,2007-12-28,CO_RF,FR-R38B-58,False,2011-07-01,2007-12-28,CO_RF,Components,Road Frames,Yes
254,CO-RF-FR-R38B-58,LL Road Frame - Black- 58,170.0,R,2012-07-01,2008-12-27,CO_RF,FR-R38B-58,False,2012-07-01,2008-12-27,CO_RF,Components,Road Frames,Yes
255,CO-RF-FR-R38B-58,LL Road Frame - Black- 58,205.0,R,2013-07-01,,CO_RF,FR-R38B-58,True,2013-07-01,9999-12-31,CO_RF,Components,Road Frames,Yes
256,CO-RF-FR-R38B-60,LL Road Frame - Black- 60,176.0,R,2011-07-01,2007-12-28,CO_RF,FR-R38B-60,False,2011-07-01,2007-12-28,CO_RF,Components,Road Frames,Yes
257,CO-RF-FR-R38B-60,LL Road Frame - Black- 60,170.0,R,2012-07-01,2008-12-27,CO_RF,FR-R38B-60,False,2012-07-01,2008-12-27,CO_RF,Components,Road Frames,Yes
258,CO-RF-FR-R38B-60,LL Road Frame - Black- 60,205.0,R,2013-07-01,,CO_RF,FR-R38B-60,True,2013-07-01,9999-12-31,CO_RF,Components,Road Frames,Yes
259,CO-RF-FR-R38B-62,LL Road Frame - Black- 62,176.0,R,2011-07-01,2007-12-28,CO_RF,FR-R38B-62,False,2011-07-01,2007-12-28,CO_RF,Components,Road Frames,Yes
260,CO-RF-FR-R38B-62,LL Road Frame - Black- 62,170.0,R,2012-07-01,2008-12-27,CO_RF,FR-R38B-62,False,2012-07-01,2008-12-27,CO_RF,Components,Road Frames,Yes
261,CO-RF-FR-R38B-62,LL Road Frame - Black- 62,205.0,R,2013-07-01,,CO_RF,FR-R38B-62,True,2013-07-01,9999-12-31,CO_RF,Components,Road Frames,Yes
262,CO-RF-FR-R38R-44,LL Road Frame - Red- 44,181.0,R,2011-07-01,2007-12-28,CO_RF,FR-R38R-44,False,2011-07-01,2007-12-28,CO_RF,Components,Road Frames,Yes
263,CO-RF-FR-R38R-44,LL Road Frame - Red- 44,187.0,R,2012-07-01,2008-12-27,CO_RF,FR-R38R-44,False,2012-07-01,2008-12-27,CO_RF,Components,Road Frames,Yes
264,CO-RF-FR-R38R-48,LL Road Frame - Red- 48,181.0,R,2011-07-01,2007-12-28,CO_RF,FR-R38R-48,False,2011-07-01,2007-12-28,CO_RF,Components,Road Frames,Yes
265,CO-RF-FR-R38R-48,LL Road Frame - Red- 48,187.0,R,2012-07-01,2008-12-27,CO_RF,FR-R38R-48,False,2012-07-01,2008-12-27,CO_RF,Components,Road Frames,Yes
266,CO-RF-FR-R38R-52,LL Road Frame - Red- 52,181.0,R,2011-07-01,2007-12-28,CO_RF,FR-R38R-52,False,2011-07-01,2007-12-28,CO_RF,Components,Road Frames,Yes
267,CO-RF-FR-R38R-52,LL Road Frame - Red- 52,187.0,R,2012-07-01,2008-12-27,CO_RF,FR-R38R-52,False,2012-07-01,2008-12-27,CO_RF,Components,Road Frames,Yes
268,CO-RF-FR-R38R-58,LL Road Frame - Red- 58,181.0,R,2011-07-01,2007-12-28,CO_RF,FR-R38R-58,False,2011-07-01,2007-12-28,CO_RF,Components,Road Frames,Yes
269,CO-RF-FR-R38R-58,LL Road Frame - Red- 58,187.0,R,2012-07-01,2008-12-27,CO_RF,FR-R38R-58,False,2012-07-01,2008-12-27,CO_RF,Components,Road Frames,Yes
270,CO-RF-FR-R38R-60,LL Road Frame - Red- 60,181.0,R,2011-07-01,2007-12-28,CO_RF,FR-R38R-60,False,2011-07-01,2007-12-28,CO_RF,Components,Road Frames,Yes
271,CO-RF-FR-R38R-60,LL Road Frame - Red- 60,187.0,R,2012-07-01,2008-12-27,CO_RF,FR-R38R-60,False,2012-07-01,2008-12-27,CO_RF,Components,Road Frames,Yes
272,CO-RF-FR-R38R-62,LL Road Frame - Red- 62,181.0,R,2011-07-01,2007-12-28,CO_RF,FR-R38R-62,False,2011-07-01,2007-12-28,CO_RF,Components,Road Frames,Yes
273,CO-RF-FR-R38R-62,LL Road Frame - Red- 62,187.0,R,2012-07-01,2008-12-27,CO_RF,FR-R38R-62,False,2012-07-01,2008-12-27,CO_RF,Components,Road Frames,Yes
274,CO-RF-FR-R72R-44,ML Road Frame - Red- 44,352.0,R,2011-07-01,2007-12-28,CO_RF,FR-R72R-44,False,2011-07-01,2007-12-28,CO_RF,Components,Road Frames,Yes
275,CO-RF-FR-R72R-48,ML Road Frame - Red- 48,352.0,R,2011-07-01,2007-12-28,CO_RF,FR-R72R-48,False,2011-07-01,2007-12-28,CO_RF,Components,Road Frames,Yes
276,CO-RF-FR-R72R-52,ML Road Frame - Red- 52,352.0,R,2011-07-01,2007-12-28,CO_RF,FR-R72R-52,False,2011-07-01,2007-12-28,CO_RF,Components,Road Frames,Yes
277,CO-RF-FR-R72R-58,ML Road Frame - Red- 58,352.0,R,2011-07-01,2007-12-28,CO_RF,FR-R72R-58,False,2011-07-01,2007-12-28,CO_RF,Components,Road Frames,Yes
278,CO-RF-FR-R72R-60,ML Road Frame - Red- 60,352.0,R,2011-07-01,2007-12-28,CO_RF,FR-R72R-60,False,2011-07-01,2007-12-28,CO_RF,Components,Road Frames,Yes
279,CO-RF-FR-R38B-44,LL Road Frame - Black- 44,176.0,R,2011-07-01,2007-12-28,CO_RF,FR-R38B-44,False,2011-07-01,2007-12-28,CO_RF,Components,Road Frames,Yes
280,CO-RF-FR-R38B-44,LL Road Frame - Black- 44,170.0,R,2012-07-01,2008-12-27,CO_RF,FR-R38B-44,False,2012-07-01,2008-12-27,CO_RF,Components,Road Frames,Yes
281,CO-RF-FR-R38B-44,LL Road Frame - Black- 44,205.0,R,2013-07-01,,CO_RF,FR-R38B-44,True,2013-07-01,9999-12-31,CO_RF,Components,Road Frames,Yes
282,CO-RF-FR-R38B-48,LL Road Frame - Black- 48,176.0,R,2011-07-01,2007-12-28,CO_RF,FR-R38B-48,False,2011-07-01,2007-12-28,CO_RF,Components,Road Frames,Yes
283,CO-RF-FR-R38B-48,LL Road Frame - Black- 48,170.0,R,2012-07-01,2008-12-27,CO_RF,FR-R38B-48,False,2012-07-01,2008-12-27,CO_RF,Components,Road Frames,Yes
284,CO-RF-FR-R38B-48,LL Road Frame - Black- 48,205.0,R,2013-07-01,,CO_RF,FR-R38B-48,True,2013-07-01,9999-12-31,CO_RF,Components,Road Frames,Yes
285,CO-RF-FR-R38B-52,LL Road Frame - Black- 52,176.0,R,2011-07-01,2007-12-28,CO_RF,FR-R38B-52,False,2011-07-01,2007-12-28,CO_RF,Components,Road Frames,Yes
286,CO-RF-FR-R38B-52,LL Road Frame - Black- 52,170.0,R,2012-07-01,2008-12-27,CO_RF,FR-R38B-52,False,2012-07-01,2008-12-27,CO_RF,Components,Road Frames,Yes
287,CO-RF-FR-R38B-52,LL Road Frame - Black- 52,205.0,R,2013-07-01,,CO_RF,FR-R38B-52,True,2013-07-01,9999-12-31,CO_RF,Components,Road Frames,Yes
288,CO-MF-FR-M94S-42,HL Mountain Frame - Silver- 42,624.0,M,2011-07-01,2007-12-28,CO_MF,FR-M94S-42,False,2011-07-01,2007-12-28,CO_MF,Components,Mountain Frames,Yes
289,CO-MF-FR-M94S-42,HL Mountain Frame - Silver- 42,661.0,M,2012-07-01,2008-12-27,CO_MF,FR-M94S-42,False,2012-07-01,2008-12-27,CO_MF,Components,Mountain Frames,Yes
290,CO-MF-FR-M94S-42,HL Mountain Frame - Silver- 42,747.0,M,2013-07-01,,CO_MF,FR-M94S-42,True,2013-07-01,9999-12-31,CO_MF,Components,Mountain Frames,Yes
291,CO-MF-FR-M94S-44,HL Mountain Frame - Silver- 44,707.0,M,2011-07-01,2007-12-28,CO_MF,FR-M94S-44,False,2011-07-01,2007-12-28,CO_MF,Components,Mountain Frames,Yes
292,CO-MF-FR-M94S-52,HL Mountain Frame - Silver- 48,707.0,M,2011-07-01,2007-12-28,CO_MF,FR-M94S-52,False,2011-07-01,2007-12-28,CO_MF,Components,Mountain Frames,Yes
293,CO-MF-FR-M94S-46,HL Mountain Frame - Silver- 46,624.0,M,2011-07-01,2007-12-28,CO_MF,FR-M94S-46,False,2011-07-01,2007-12-28,CO_MF,Components,Mountain Frames,Yes
294,CO-MF-FR-M94S-46,HL Mountain Frame - Silver- 46,661.0,M,2012-07-01,2008-12-27,CO_MF,FR-M94S-46,False,2012-07-01,2008-12-27,CO_MF,Components,Mountain Frames,Yes
295,CO-MF-FR-M94S-46,HL Mountain Frame - Silver- 46,747.0,M,2013-07-01,,CO_MF,FR-M94S-46,True,2013-07-01,9999-12-31,CO_MF,Components,Mountain Frames,Yes
296,CO-MF-FR-M94B-42,HL Mountain Frame - Black- 42,617.0,M,2011-07-01,2007-12-28,CO_MF,FR-M94B-42,False,2011-07-01,2007-12-28,CO_MF,Components,Mountain Frames,Yes
297,CO-MF-FR-M94B-42,HL Mountain Frame - Black- 42,654.0,M,2012-07-01,2008-12-27,CO_MF,FR-M94B-42,False,2012-07-01,2008-12-27,CO_MF,Components,Mountain Frames,Yes
298,CO-MF-FR-M94B-42,HL Mountain Frame - Black- 42,739.0,M,2013-07-01,,CO_MF,FR-M94B-42,True,2013-07-01,9999-12-31,CO_MF,Components,Mountain Frames,Yes
299,CO-MF-FR-M94B-44,HL Mountain Frame - Black- 44,699.0,M,2011-07-01,2007-12-28,CO_MF,FR-M94B-44,False,2011-07-01,2007-12-28,CO_MF,Components,Mountain Frames,Yes
300,CO-MF-FR-M94B-48,HL Mountain Frame - Black- 48,699.0,M,2011-07-01,2007-12-28,CO_MF,FR-M94B-48,False,2011-07-01,2007-12-28,CO_MF,Components,Mountain Frames,Yes
301,CO-MF-FR-M94B-46,HL Mountain Frame - Black- 46,617.0,M,2011-07-01,2007-12-28,CO_MF,FR-M94B-46,False,2011-07-01,2007-12-28,CO_MF,Components,Mountain Frames,Yes
302,CO-MF-FR-M94B-46,HL Mountain Frame - Black- 46,654.0,M,2012-07-01,2008-12-27,CO_MF,FR-M94B-46,False,2012-07-01,2008-12-27,CO_MF,Components,Mountain Frames,Yes
303,CO-MF-FR-M94B-46,HL Mountain Frame - Black- 46,739.0,M,2013-07-01,,CO_MF,FR-M94B-46,True,2013-07-01,9999-12-31,CO_MF,Components,Mountain Frames,Yes
304,CO-MF-FR-M94B-38,HL Mountain Frame - Black- 38,617.0,M,2011-07-01,2007-12-28,CO_MF,FR-M94B-38,False,2011-07-01,2007-12-28,CO_MF,Components,Mountain Frames,Yes
305,CO-MF-FR-M94B-38,HL Mountain Frame - Black- 38,654.0,M,2012-07-01,2008-12-27,CO_MF,FR-M94B-38,False,2012-07-01,2008-12-27,CO_MF,Components,Mountain Frames,Yes
306,CO-MF-FR-M94B-38,HL Mountain Frame - Black- 38,739.0,M,2013-07-01,,CO_MF,FR-M94B-38,True,2013-07-01,9999-12-31,CO_MF,Components,Mountain Frames,Yes
307,CO-MF-FR-M94S-38,HL Mountain Frame - Silver- 38,624.0,M,2011-07-01,2007-12-28,CO_MF,FR-M94S-38,False,2011-07-01,2007-12-28,CO_MF,Components,Mountain Frames,Yes
308,CO-MF-FR-M94S-38,HL Mountain Frame - Silver- 38,661.0,M,2012-07-01,2008-12-27,CO_MF,FR-M94S-38,False,2012-07-01,2008-12-27,CO_MF,Components,Mountain Frames,Yes
309,CO-MF-FR-M94S-38,HL Mountain Frame - Silver- 38,747.0,M,2013-07-01,,CO_MF,FR-M94S-38,True,2013-07-01,9999-12-31,CO_MF,Components,Mountain Frames,Yes
310,BI-RB-BK-R93R-62,Road-150 Red- 62,2171.0,R,2011-07-01,2007-12-28,BI_RB,BK-R93R-62,False,2011-07-01,2007-12-28,BI_RB,Bikes,Road Bikes,Yes
311,BI-RB-BK-R93R-44,Road-150 Red- 44,2171.0,R,2011-07-01,2007-12-28,BI_RB,BK-R93R-44,False,2011-07-01,2007-12-28,BI_RB,Bikes,Road Bikes,Yes
312,BI-RB-BK-R93R-48,Road-150 Red- 48,2171.0,R,2011-07-01,2007-12-28,BI_RB,BK-R93R-48,False,2011-07-01,2007-12-28,BI_RB,Bikes,Road Bikes,Yes
313,BI-RB-BK-R93R-52,Road-150 Red- 52,2171.0,R,2011-07-01,2007-12-28,BI_RB,BK-R93R-52,False,2011-07-01,2007-12-28,BI_RB,Bikes,Road Bikes,Yes
314,BI-RB-BK-R93R-56,Road-150 Red- 56,2171.0,R,2011-07-01,2007-12-28,BI_RB,BK-R93R-56,False,2011-07-01,2007-12-28,BI_RB,Bikes,Road Bikes,Yes
315,BI-RB-BK-R68R-58,Road-450 Red- 58,885.0,R,2011-07-01,2007-12-28,BI_RB,BK-R68R-58,False,2011-07-01,2007-12-28,BI_RB,Bikes,Road Bikes,Yes
316,BI-RB-BK-R68R-60,Road-450 Red- 60,885.0,R,2011-07-01,2007-12-28,BI_RB,BK-R68R-60,False,2011-07-01,2007-12-28,BI_RB,Bikes,Road Bikes,Yes
317,BI-RB-BK-R68R-44,Road-450 Red- 44,885.0,R,2011-07-01,2007-12-28,BI_RB,BK-R68R-44,False,2011-07-01,2007-12-28,BI_RB,Bikes,Road Bikes,Yes
318,BI-RB-BK-R68R-48,Road-450 Red- 48,885.0,R,2011-07-01,2007-12-28,BI_RB,BK-R68R-48,False,2011-07-01,2007-12-28,BI_RB,Bikes,Road Bikes,Yes
319,BI-RB-BK-R68R-52,Road-450 Red- 52,885.0,R,2011-07-01,2007-12-28,BI_RB,BK-R68R-52,False,2011-07-01,2007-12-28,BI_RB,Bikes,Road Bikes,Yes
320,BI-RB-BK-R50R-58,Road-650 Red- 58,413.0,R,2011-07-01,2007-12-28,BI_RB,BK-R50R-58,False,2011-07-01,2007-12-28,BI_RB,Bikes,Road Bikes,Yes
321,BI-RB-BK-R50R-58,Road-650 Red- 58,487.0,R,2012-07-01,2008-12-27,BI_RB,BK-R50R-58,False,2012-07-01,2008-12-27,BI_RB,Bikes,Road Bikes,Yes
322,BI-RB-BK-R50R-60,Road-650 Red- 60,413.0,R,2011-07-01,2007-12-28,BI_RB,BK-R50R-60,False,2011-07-01,2007-12-28,BI_RB,Bikes,Road Bikes,Yes
323,BI-RB-BK-R50R-60,Road-650 Red- 60,487.0,R,2012-07-01,2008-12-27,BI_RB,BK-R50R-60,False,2012-07-01,2008-12-27,BI_RB,Bikes,Road Bikes,Yes
324,BI-RB-BK-R50R-62,Road-650 Red- 62,413.0,R,2011-07-01,2007-12-28,BI_RB,BK-R50R-62,False,2011-07-01,2007-12-28,BI_RB,Bikes,Road Bikes,Yes
325,BI-RB-BK-R50R-62,Road-650 Red- 62,487.0,R,2012-07-01,2008-12-27,BI_RB,BK-R50R-62,False,2012-07-01,2008-12-27,BI_RB,Bikes,Road Bikes,Yes
326,BI-RB-BK-R50R-44,Road-650 Red- 44,413.0,R,2011-07-01,2007-12-28,BI_RB,BK-R50R-44,False,2011-07-01,2007-12-28,BI_RB,Bikes,Road Bikes,Yes
327,BI-RB-BK-R50R-44,Road-650 Red- 44,487.0,R,2012-07-01,2008-12-27,BI_RB,BK-R50R-44,False,2012-07-01,2008-12-27,BI_RB,Bikes,Road Bikes,Yes
328,BI-RB-BK-R50R-48,Road-650 Red- 48,413.0,R,2011-07-01,2007-12-28,BI_RB,BK-R50R-48,False,2011-07-01,2007-12-28,BI_RB,Bikes,Road Bikes,Yes
329,BI-RB-BK-R50R-48,Road-650 Red- 48,487.0,R,2012-07-01,2008-12-27,BI_RB,BK-R50R-48,False,2012-07-01,2008-12-27,BI_RB,Bikes,Road Bikes,Yes
330,BI-RB-BK-R50R-52,Road-650 Red- 52,413.0,R,2011-07-01,2007-12-28,BI_RB,BK-R50R-52,False,2011-07-01,2007-12-28,BI_RB,Bikes,Road Bikes,Yes
331,BI-RB-BK-R50R-52,Road-650 Red- 52,487.0,R,2012-07-01,2008-12-27,BI_RB,BK-R50R-52,False,2012-07-01,2008-12-27,BI_RB,Bikes,Road Bikes,Yes
332,BI-RB-BK-R50B-58,Road-650 Black- 58,413.0,R,2011-07-01,2007-12-28,BI_RB,BK-R50B-58,False,2011-07-01,2007-12-28,BI_RB,Bikes,Road Bikes,Yes
333,BI-RB-BK-R50B-58,Road-650 Black- 58,487.0,R,2012-07-01,2008-12-27,BI_RB,BK-R50B-58,False,2012-07-01,2008-12-27,BI_RB,Bikes,Road Bikes,Yes
334,BI-RB-BK-R50B-60,Road-650 Black- 60,413.0,R,2011-07-01,2007-12-28,BI_RB,BK-R50B-60,False,2011-07-01,2007-12-28,BI_RB,Bikes,Road Bikes,Yes
335,BI-RB-BK-R50B-60,Road-650 Black- 60,487.0,R,2012-07-01,2008-12-27,BI_RB,BK-R50B-60,False,2012-07-01,2008-12-27,BI_RB,Bikes,Road Bikes,Yes
336,BI-RB-BK-R50B-62,Road-650 Black- 62,413.0,R,2011-07-01,2007-12-28,BI_RB,BK-R50B-62,False,2011-07-01,2007-12-28,BI_RB,Bikes,Road Bikes,Yes
337,BI-RB-BK-R50B-62,Road-650 Black- 62,487.0,R,2012-07-01,2008-12-27,BI_RB,BK-R50B-62,False,2012-07-01,2008-12-27,BI_RB,Bikes,Road Bikes,Yes
338,BI-RB-BK-R50B-44,Road-650 Black- 44,413.0,R,2011-07-01,2007-12-28,BI_RB,BK-R50B-44,False,2011-07-01,2007-12-28,BI_RB,Bikes,Road Bikes,Yes
339,BI-RB-BK-R50B-44,Road-650 Black- 44,487.0,R,2012-07-01,2008-12-27,BI_RB,BK-R50B-44,False,2012-07-01,2008-12-27,BI_RB,Bikes,Road Bikes,Yes
340,BI-RB-BK-R50B-48,Road-650 Black- 48,413.0,R,2011-07-01,2007-12-28,BI_RB,BK-R50B-48,False,2011-07-01,2007-12-28,BI_RB,Bikes,Road Bikes,Yes
341,BI-RB-BK-R50B-48,Road-650 Black- 48,487.0,R,2012-07-01,2008-12-27,BI_RB,BK-R50B-48,False,2012-07-01,2008-12-27,BI_RB,Bikes,Road Bikes,Yes
342,BI-RB-BK-R50B-52,Road-650 Black- 52,413.0,R,2011-07-01,2007-12-28,BI_RB,BK-R50B-52,False,2011-07-01,2007-12-28,BI_RB,Bikes,Road Bikes,Yes
343,BI-RB-BK-R50B-52,Road-650 Black- 52,487.0,R,2012-07-01,2008-12-27,BI_RB,BK-R50B-52,False,2012-07-01,2008-12-27,BI_RB,Bikes,Road Bikes,Yes
344,BI-MB-BK-M82S-38,Mountain-100 Silver- 38,1912.0,M,2011-07-01,2007-12-28,BI_MB,BK-M82S-38,False,2011-07-01,2007-12-28,BI_MB,Bikes,Mountain Bikes,Yes
345,BI-MB-BK-M82S-42,Mountain-100 Silver- 42,1912.0,M,2011-07-01,2007-12-28,BI_MB,BK-M82S-42,False,2011-07-01,2007-12-28,BI_MB,Bikes,Mountain Bikes,Yes
346,BI-MB-BK-M82S-44,Mountain-100 Silver- 44,1912.0,M,2011-07-01,2007-12-28,BI_MB,BK-M82S-44,False,2011-07-01,2007-12-28,BI_MB,Bikes,Mountain Bikes,Yes
347,BI-MB-BK-M82S-48,Mountain-100 Silver- 48,1912.0,M,2011-07-01,2007-12-28,BI_MB,BK-M82S-48,False,2011-07-01,2007-12-28,BI_MB,Bikes,Mountain Bikes,Yes
348,BI-MB-BK-M82B-38,Mountain-100 Black- 38,1898.0,M,2011-07-01,2007-12-28,BI_MB,BK-M82B-38,False,2011-07-01,2007-12-28,BI_MB,Bikes,Mountain Bikes,Yes
349,BI-MB-BK-M82B-42,Mountain-100 Black- 42,1898.0,M,2011-07-01,2007-12-28,BI_MB,BK-M82B-42,False,2011-07-01,2007-12-28,BI_MB,Bikes,Mountain Bikes,Yes
350,BI-MB-BK-M82B-44,Mountain-100 Black- 44,1898.0,M,2011-07-01,2007-12-28,BI_MB,BK-M82B-44,False,2011-07-01,2007-12-28,BI_MB,Bikes,Mountain Bikes,Yes
351,BI-MB-BK-M82B-48,Mountain-100 Black- 48,1898.0,M,2011-07-01,2007-12-28,BI_MB,BK-M82B-48,False,2011-07-01,2007-12-28,BI_MB,Bikes,Mountain Bikes,Yes
352,BI-MB-BK-M68S-38,Mountain-200 Silver- 38,1118.0,M,2012-07-01,2008-12-27,BI_MB,BK-M68S-38,False,2012-07-01,2008-12-27,BI_MB,Bikes,Mountain Bikes,Yes
353,BI-MB-BK-M68S-38,Mountain-200 Silver- 38,1266.0,M,2013-07-01,,BI_MB,BK-M68S-38,True,2013-07-01,9999-12-31,BI_MB,Bikes,Mountain Bikes,Yes
354,BI-MB-BK-M68S-42,Mountain-200 Silver- 42,1118.0,M,2012-07-01,2008-12-27,BI_MB,BK-M68S-42,False,2012-07-01,2008-12-27,BI_MB,Bikes,Mountain Bikes,Yes
355,BI-MB-BK-M68S-42,Mountain-200 Silver- 42,1266.0,M,2013-07-01,,BI_MB,BK-M68S-42,True,2013-07-01,9999-12-31,BI_MB,Bikes,Mountain Bikes,Yes
356,BI-MB-BK-M68S-46,Mountain-200 Silver- 46,1118.0,M,2012-07-01,2008-12-27,BI_MB,BK-M68S-46,False,2012-07-01,2008-12-27,BI_MB,Bikes,Mountain Bikes,Yes
357,BI-MB-BK-M68S-46,Mountain-200 Silver- 46,1266.0,M,2013-07-01,,BI_MB,BK-M68S-46,True,2013-07-01,9999-12-31,BI_MB,Bikes,Mountain Bikes,Yes
358,BI-MB-BK-M68B-38,Mountain-200 Black- 38,1106.0,M,2012-07-01,2008-12-27,BI_MB,BK-M68B-38,False,2012-07-01,2008-12-27,BI_MB,Bikes,Mountain Bikes,Yes
359,BI-MB-BK-M68B-38,Mountain-200 Black- 38,1252.0,M,2013-07-01,,BI_MB,BK-M68B-38,True,2013-07-01,9999-12-31,BI_MB,Bikes,Mountain Bikes,Yes
360,BI-MB-BK-M68B-42,Mountain-200 Black- 42,1106.0,M,2012-07-01,2008-12-27,BI_MB,BK-M68B-42,False,2012-07-01,2008-12-27,BI_MB,Bikes,Mountain Bikes,Yes
361,BI-MB-BK-M68B-42,Mountain-200 Black- 42,1252.0,M,2013-07-01,,BI_MB,BK-M68B-42,True,2013-07-01,9999-12-31,BI_MB,Bikes,Mountain Bikes,Yes
362,BI-MB-BK-M68B-46,Mountain-200 Black- 46,1106.0,M,2012-07-01,2008-12-27,BI_MB,BK-M68B-46,False,2012-07-01,2008-12-27,BI_MB,Bikes,Mountain Bikes,Yes
363,BI-MB-BK-M68B-46,Mountain-200 Black- 46,1252.0,M,2013-07-01,,BI_MB,BK-M68B-46,True,2013-07-01,9999-12-31,BI_MB,Bikes,Mountain Bikes,Yes
364,BI-MB-BK-M47B-38,Mountain-300 Black- 38,598.0,M,2012-07-01,2008-12-27,BI_MB,BK-M47B-38,False,2012-07-01,2008-12-27,BI_MB,Bikes,Mountain Bikes,Yes
365,BI-MB-BK-M47B-40,Mountain-300 Black- 40,598.0,M,2012-07-01,2008-12-27,BI_MB,BK-M47B-40,False,2012-07-01,2008-12-27,BI_MB,Bikes,Mountain Bikes,Yes
366,BI-MB-BK-M47B-44,Mountain-300 Black- 44,598.0,M,2012-07-01,2008-12-27,BI_MB,BK-M47B-44,False,2012-07-01,2008-12-27,BI_MB,Bikes,Mountain Bikes,Yes
367,BI-MB-BK-M47B-48,Mountain-300 Black- 48,598.0,M,2012-07-01,2008-12-27,BI_MB,BK-M47B-48,False,2012-07-01,2008-12-27,BI_MB,Bikes,Mountain Bikes,Yes
368,BI-RB-BK-R89R-44,Road-250 Red- 44,1519.0,R,2012-07-01,2008-12-27,BI_RB,BK-R89R-44,False,2012-07-01,2008-12-27,BI_RB,Bikes,Road Bikes,Yes
369,BI-RB-BK-R89R-48,Road-250 Red- 48,1519.0,R,2012-07-01,2008-12-27,BI_RB,BK-R89R-48,False,2012-07-01,2008-12-27,BI_RB,Bikes,Road Bikes,Yes
370,BI-RB-BK-R89R-52,Road-250 Red- 52,1519.0,R,2012-07-01,2008-12-27,BI_RB,BK-R89R-52,False,2012-07-01,2008-12-27,BI_RB,Bikes,Road Bikes,Yes
371,BI-RB-BK-R89R-58,Road-250 Red- 58,1321.0,R,2012-07-01,2008-12-27,BI_RB,BK-R89R-58,False,2012-07-01,2008-12-27,BI_RB,Bikes,Road Bikes,Yes
372,BI-RB-BK-R89R-58,Road-250 Red- 58,1555.0,R,2013-07-01,,BI_RB,BK-R89R-58,True,2013-07-01,9999-12-31,BI_RB,Bikes,Road Bikes,Yes
373,BI-RB-BK-R89B-44,Road-250 Black- 44,1321.0,R,2012-07-01,2008-12-27,BI_RB,BK-R89B-44,False,2012-07-01,2008-12-27,BI_RB,Bikes,Road Bikes,Yes
374,BI-RB-BK-R89B-44,Road-250 Black- 44,1555.0,R,2013-07-01,,BI_RB,BK-R89B-44,True,2013-07-01,9999-12-31,BI_RB,Bikes,Road Bikes,Yes
375,BI-RB-BK-R89B-48,Road-250 Black- 48,1321.0,R,2012-07-01,2008-12-27,BI_RB,BK-R89B-48,False,2012-07-01,2008-12-27,BI_RB,Bikes,Road Bikes,Yes
376,BI-RB-BK-R89B-48,Road-250 Black- 48,1555.0,R,2013-07-01,,BI_RB,BK-R89B-48,True,2013-07-01,9999-12-31,BI_RB,Bikes,Road Bikes,Yes
377,BI-RB-BK-R89B-52,Road-250 Black- 52,1321.0,R,2012-07-01,2008-12-27,BI_RB,BK-R89B-52,False,2012-07-01,2008-12-27,BI_RB,Bikes,Road Bikes,Yes
378,BI-RB-BK-R89B-52,Road-250 Black- 52,1555.0,R,2013-07-01,,BI_RB,BK-R89B-52,True,2013-07-01,9999-12-31,BI_RB,Bikes,Road Bikes,Yes
379,BI-RB-BK-R89B-58,Road-250 Black- 58,1321.0,R,2012-07-01,2008-12-27,BI_RB,BK-R89B-58,False,2012-07-01,2008-12-27,BI_RB,Bikes,Road Bikes,Yes
380,BI-RB-BK-R89B-58,Road-250 Black- 58,1555.0,R,2013-07-01,,BI_RB,BK-R89B-58,True,2013-07-01,9999-12-31,BI_RB,Bikes,Road Bikes,Yes
381,BI-RB-BK-R64Y-38,Road-550-W Yellow- 38,606.0,R,2012-07-01,2008-12-27,BI_RB,BK-R64Y-38,False,2012-07-01,2008-12-27,BI_RB,Bikes,Road Bikes,Yes
382,BI-RB-BK-R64Y-38,Road-550-W Yellow- 38,713.0,R,2013-07-01,,BI_RB,BK-R64Y-38,True,2013-07-01,9999-12-31,BI_RB,Bikes,Road Bikes,Yes
383,BI-RB-BK-R64Y-40,Road-550-W Yellow- 40,606.0,R,2012-07-01,2008-12-27,BI_RB,BK-R64Y-40,False,2012-07-01,2008-12-27,BI_RB,Bikes,Road Bikes,Yes
384,BI-RB-BK-R64Y-40,Road-550-W Yellow- 40,713.0,R,2013-07-01,,BI_RB,BK-R64Y-40,True,2013-07-01,9999-12-31,BI_RB,Bikes,Road Bikes,Yes
385,BI-RB-BK-R64Y-42,Road-550-W Yellow- 42,606.0,R,2012-07-01,2008-12-27,BI_RB,BK-R64Y-42,False,2012-07-01,2008-12-27,BI_RB,Bikes,Road Bikes,Yes
386,BI-RB-BK-R64Y-42,Road-550-W Yellow- 42,713.0,R,2013-07-01,,BI_RB,BK-R64Y-42,True,2013-07-01,9999-12-31,BI_RB,Bikes,Road Bikes,Yes
387,BI-RB-BK-R64Y-44,Road-550-W Yellow- 44,606.0,R,2012-07-01,2008-12-27,BI_RB,BK-R64Y-44,False,2012-07-01,2008-12-27,BI_RB,Bikes,Road Bikes,Yes
388,BI-RB-BK-R64Y-44,Road-550-W Yellow- 44,713.0,R,2013-07-01,,BI_RB,BK-R64Y-44,True,2013-07-01,9999-12-31,BI_RB,Bikes,Road Bikes,Yes
389,BI-RB-BK-R64Y-48,Road-550-W Yellow- 48,606.0,R,2012-07-01,2008-12-27,BI_RB,BK-R64Y-48,False,2012-07-01,2008-12-27,BI_RB,Bikes,Road Bikes,Yes
390,BI-RB-BK-R64Y-48,Road-550-W Yellow- 48,713.0,R,2013-07-01,,BI_RB,BK-R64Y-48,True,2013-07-01,9999-12-31,BI_RB,Bikes,Road Bikes,Yes
391,CO-FO-FK-1639,LL Fork,66.0,,2012-07-01,2008-12-27,CO_FO,FK-1639,False,2012-07-01,2008-12-27,CO_FO,Components,Forks,Yes
392,CO-FO-FK-5136,ML Fork,78.0,,2012-07-01,2008-12-27,CO_FO,FK-5136,False,2012-07-01,2008-12-27,CO_FO,Components,Forks,Yes
393,CO-FO-FK-9939,HL Fork,102.0,,2012-07-01,2008-12-27,CO_FO,FK-9939,False,2012-07-01,2008-12-27,CO_FO,Components,Forks,Yes
394,CO-HS-HS-0296,LL Headset,15.0,,2012-07-01,2008-12-27,CO_HS,HS-0296,False,2012-07-01,2008-12-27,CO_HS,Components,Headsets,No
395,CO-HS-HS-2451,ML Headset,45.0,,2012-07-01,2008-12-27,CO_HS,HS-2451,False,2012-07-01,2008-12-27,CO_HS,Components,Headsets,No
396,CO-HS-HS-3479,HL Headset,55.0,,2012-07-01,2008-12-27,CO_HS,HS-3479,False,2012-07-01,2008-12-27,CO_HS,Components,Headsets,No
397,CO-HB-HB-M243,LL Mountain Handlebars,18.0,M,2012-07-01,2008-12-27,CO_HB,HB-M243,False,2012-07-01,2008-12-27,CO_HB,Components,Handlebars,No
398,CO-HB-HB-M243,LL Mountain Handlebars,20.0,M,2013-07-01,,CO_HB,HB-M243,True,2013-07-01,9999-12-31,CO_HB,Components,Handlebars,No
399,CO-HB-HB-M763,ML Mountain Handlebars,25.0,M,2012-07-01,2008-12-27,CO_HB,HB-M763,False,2012-07-01,2008-12-27,CO_HB,Components,Handlebars,No
400,CO-HB-HB-M763,ML Mountain Handlebars,27.0,M,2013-07-01,,CO_HB,HB-M763,True,2013-07-01,9999-12-31,CO_HB,Components,Handlebars,No
401,CO-HB-HB-M918,HL Mountain Handlebars,49.0,M,2012-07-01,2008-12-27,CO_HB,HB-M918,False,2012-07-01,2008-12-27,CO_HB,Components,Handlebars,No
402,CO-HB-HB-M918,HL Mountain Handlebars,53.0,M,2013-07-01,,CO_HB,HB-M918,True,2013-07-01,9999-12-31,CO_HB,Components,Handlebars,No
403,CO-HB-HB-R504,LL Road Handlebars,18.0,R,2012-07-01,2008-12-27,CO_HB,HB-R504,False,2012-07-01,2008-12-27,CO_HB,Components,Handlebars,No
404,CO-HB-HB-R504,LL Road Handlebars,20.0,R,2013-07-01,,CO_HB,HB-R504,True,2013-07-01,9999-12-31,CO_HB,Components,Handlebars,No
405,CO-HB-HB-R720,ML Road Handlebars,25.0,R,2012-07-01,2008-12-27,CO_HB,HB-R720,False,2012-07-01,2008-12-27,CO_HB,Components,Handlebars,No
406,CO-HB-HB-R720,ML Road Handlebars,27.0,R,2013-07-01,,CO_HB,HB-R720,True,2013-07-01,9999-12-31,CO_HB,Components,Handlebars,No
407,CO-HB-HB-R956,HL Road Handlebars,49.0,R,2012-07-01,2008-12-27,CO_HB,HB-R956,False,2012-07-01,2008-12-27,CO_HB,Components,Handlebars,No
408,CO-HB-HB-R956,HL Road Handlebars,53.0,R,2013-07-01,,CO_HB,HB-R956,True,2013-07-01,9999-12-31,CO_HB,Components,Handlebars,No
409,CO-MF-FR-M63B-38,ML Mountain Frame - Black- 38,186.0,M,2012-07-01,2008-12-27,CO_MF,FR-M63B-38,False,2012-07-01,2008-12-27,CO_MF,Components,Mountain Frames,Yes
410,CO-WH-FW-M423,LL Mountain Front Wheel,27.0,M,2012-07-01,2008-12-27,CO_WH,FW-M423,False,2012-07-01,2008-12-27,CO_WH,Components,Wheels,Yes
411,CO-WH-FW-M762,ML Mountain Front Wheel,93.0,M,2012-07-01,2008-12-27,CO_WH,FW-M762,False,2012-07-01,2008-12-27,CO_WH,Components,Wheels,Yes
412,CO-WH-FW-M928,HL Mountain Front Wheel,133.0,M,2012-07-01,2008-12-27,CO_WH,FW-M928,False,2012-07-01,2008-12-27,CO_WH,Components,Wheels,Yes
413,CO-WH-FW-R623,LL Road Front Wheel,38.0,R,2012-07-01,2008-12-27,CO_WH,FW-R623,False,2012-07-01,2008-12-27,CO_WH,Components,Wheels,Yes
414,CO-WH-FW-R762,ML Road Front Wheel,110.0,R,2012-07-01,2008-12-27,CO_WH,FW-R762,False,2012-07-01,2008-12-27,CO_WH,Components,Wheels,Yes
415,CO-WH-FW-R820,HL Road Front Wheel,147.0,R,2012-07-01,2008-12-27,CO_WH,FW-R820,False,2012-07-01,2008-12-27,CO_WH,Components,Wheels,Yes
416,CO-WH-FW-T905,Touring Front Wheel,97.0,T,2012-07-01,2008-12-27,CO_WH,FW-T905,False,2012-07-01,2008-12-27,CO_WH,Components,Wheels,Yes
417,CO-RF-FR-R72Y-38,ML Road Frame-W - Yellow- 38,300.0,R,2012-07-01,2008-12-27,CO_RF,FR-R72Y-38,False,2012-07-01,2008-12-27,CO_RF,Components,Road Frames,Yes
418,CO-RF-FR-R72Y-38,ML Road Frame-W - Yellow- 38,361.0,R,2013-07-01,,CO_RF,FR-R72Y-38,True,2013-07-01,9999-12-31,CO_RF,Components,Road Frames,Yes
419,CO-WH-RW-M423,LL Mountain Rear Wheel,39.0,M,2012-07-01,2008-12-27,CO_WH,RW-M423,False,2012-07-01,2008-12-27,CO_WH,Components,Wheels,Yes
420,CO-WH-RW-M762,ML Mountain Rear Wheel,105.0,M,2012-07-01,2008-12-27,CO_WH,RW-M762,False,2012-07-01,2008-12-27,CO_WH,Components,Wheels,Yes
421,CO-WH-RW-M928,HL Mountain Rear Wheel,145.0,M,2012-07-01,2008-12-27,CO_WH,RW-M928,False,2012-07-01,2008-12-27,CO_WH,Components,Wheels,Yes
422,CO-WH-RW-R623,LL Road Rear Wheel,50.0,R,2012-07-01,2008-12-27,CO_WH,RW-R623,False,2012-07-01,2008-12-27,CO_WH,Components,Wheels,Yes
423,CO-WH-RW-R762,ML Road Rear Wheel,122.0,R,2012-07-01,2008-12-27,CO_WH,RW-R762,False,2012-07-01,2008-12-27,CO_WH,Components,Wheels,Yes
424,CO-WH-RW-R820,HL Road Rear Wheel,159.0,R,2012-07-01,2008-12-27,CO_WH,RW-R820,False,2012-07-01,2008-12-27,CO_WH,Components,Wheels,Yes
425,CO-WH-RW-T905,Touring Rear Wheel,109.0,T,2012-07-01,2008-12-27,CO_WH,RW-T905,False,2012-07-01,2008-12-27,CO_WH,Components,Wheels,Yes
426,CO-MF-FR-M63B-40,ML Mountain Frame - Black- 40,186.0,M,2012-07-01,2008-12-27,CO_MF,FR-M63B-40,False,2012-07-01,2008-12-27,CO_MF,Components,Mountain Frames,Yes
427,CO-MF-FR-M63B-44,ML Mountain Frame - Black- 44,186.0,M,2012-07-01,2008-12-27,CO_MF,FR-M63B-44,False,2012-07-01,2008-12-27,CO_MF,Components,Mountain Frames,Yes
428,CO-MF-FR-M63B-48,ML Mountain Frame - Black- 48,186.0,M,2012-07-01,2008-12-27,CO_MF,FR-M63B-48,False,2012-07-01,2008-12-27,CO_MF,Components,Mountain Frames,Yes
429,CO-RF-FR-R72Y-40,ML Road Frame-W - Yellow- 40,300.0,R,2012-07-01,2008-12-27,CO_RF,FR-R72Y-40,False,2012-07-01,2008-12-27,CO_RF,Components,Road Frames,Yes
430,CO-RF-FR-R72Y-40,ML Road Frame-W - Yellow- 40,361.0,R,2013-07-01,,CO_RF,FR-R72Y-40,True,2013-07-01,9999-12-31,CO_RF,Components,Road Frames,Yes
431,CO-RF-FR-R72Y-42,ML Road Frame-W - Yellow- 42,300.0,R,2012-07-01,2008-12-27,CO_RF,FR-R72Y-42,False,2012-07-01,2008-12-27,CO_RF,Components,Road Frames,Yes
432,CO-RF-FR-R72Y-42,ML Road Frame-W - Yellow- 42,361.0,R,2013-07-01,,CO_RF,FR-R72Y-42,True,2013-07-01,9999-12-31,CO_RF,Components,Road Frames,Yes
433,CO-RF-FR-R72Y-44,ML Road Frame-W - Yellow- 44,300.0,R,2012-07-01,2008-12-27,CO_RF,FR-R72Y-44,False,2012-07-01,2008-12-27,CO_RF,Components,Road Frames,Yes
434,CO-RF-FR-R72Y-44,ML Road Frame-W - Yellow- 44,361.0,R,2013-07-01,,CO_RF,FR-R72Y-44,True,2013-07-01,9999-12-31,CO_RF,Components,Road Frames,Yes
435,CO-RF-FR-R72Y-48,ML Road Frame-W - Yellow- 48,300.0,R,2012-07-01,2008-12-27,CO_RF,FR-R72Y-48,False,2012-07-01,2008-12-27,CO_RF,Components,Road Frames,Yes
436,CO-RF-FR-R72Y-48,ML Road Frame-W - Yellow- 48,361.0,R,2013-07-01,,CO_RF,FR-R72Y-48,True,2013-07-01,9999-12-31,CO_RF,Components,Road Frames,Yes
437,CO-RF-FR-R92B-62,HL Road Frame - Black- 62,722.0,R,2012-07-01,2008-12-27,CO_RF,FR-R92B-62,False,2012-07-01,2008-12-27,CO_RF,Components,Road Frames,Yes
438,CO-RF-FR-R92B-62,HL Road Frame - Black- 62,869.0,R,2013-07-01,,CO_RF,FR-R92B-62,True,2013-07-01,9999-12-31,CO_RF,Components,Road Frames,Yes
439,CO-RF-FR-R92B-44,HL Road Frame - Black- 44,722.0,R,2012-07-01,2008-12-27,CO_RF,FR-R92B-44,False,2012-07-01,2008-12-27,CO_RF,Components,Road Frames,Yes
440,CO-RF-FR-R92B-44,HL Road Frame - Black- 44,869.0,R,2013-07-01,,CO_RF,FR-R92B-44,True,2013-07-01,9999-12-31,CO_RF,Components,Road Frames,Yes
441,CO-RF-FR-R92B-48,HL Road Frame - Black- 48,722.0,R,2012-07-01,2008-12-27,CO_RF,FR-R92B-48,False,2012-07-01,2008-12-27,CO_RF,Components,Road Frames,Yes
442,CO-RF-FR-R92B-48,HL Road Frame - Black- 48,869.0,R,2013-07-01,,CO_RF,FR-R92B-48,True,2013-07-01,9999-12-31,CO_RF,Components,Road Frames,Yes
443,CO-RF-FR-R92B-52,HL Road Frame - Black- 52,722.0,R,2012-07-01,2008-12-27,CO_RF,FR-R92B-52,False,2012-07-01,2008-12-27,CO_RF,Components,Road Frames,Yes
444,CO-RF-FR-R92B-52,HL Road Frame - Black- 52,869.0,R,2013-07-01,,CO_RF,FR-R92B-52,True,2013-07-01,9999-12-31,CO_RF,Components,Road Frames,Yes
445,CL-SH-SH-M897-S,Men's Sports Shorts- S,25.0,S,2012-07-01,2008-12-27,CL_SH,SH-M897-S,False,2012-07-01,2008-12-27,CL_SH,Clothing,Shorts,No
446,AC-PA-PA-T100,Touring-Panniers- Large,52.0,T,2012-07-01,2008-12-27,AC_PA,PA-T100,False,2012-07-01,2008-12-27,AC_PA,Accessories,Panniers,No
447,AC-LO-LO-C100,Cable Lock,10.0,S,2012-07-01,2008-12-27,AC_LO,LO-C100,False,2012-07-01,2008-12-27,AC_LO,Accessories,Locks,Yes
448,AC-PU-PU-0452,Minipump,8.0,S,2012-07-01,2008-12-27,AC_PU,PU-0452,False,2012-07-01,2008-12-27,AC_PU,Accessories,Pumps,Yes
449,AC-PU-PU-M044,Mountain Pump,10.0,M,2012-07-01,2008-12-27,AC_PU,PU-M044,False,2012-07-01,2008-12-27,AC_PU,Accessories,Pumps,Yes
450,AC-LI-LT-T990,Taillights - Battery-Powered,6.0,R,2012-07-01,2008-12-27,AC_LI,LT-T990,False,2012-07-01,2008-12-27,AC_LI,Accessories,Lights,Yes
451,AC-LI-LT-H902,Headlights - Dual-Beam,14.0,R,2012-07-01,2008-12-27,AC_LI,LT-H902,False,2012-07-01,2008-12-27,AC_LI,Accessories,Lights,Yes
452,AC-LI-LT-H903,Headlights - Weatherproof,19.0,R,2012-07-01,2008-12-27,AC_LI,LT-H903,False,2012-07-01,2008-12-27,AC_LI,Accessories,Lights,Yes
453,CL-SH-SH-M897-M,Men's Sports Shorts- M,25.0,S,2012-07-01,2008-12-27,CL_SH,SH-M897-M,False,2012-07-01,2008-12-27,CL_SH,Clothing,Shorts,No
454,CL-SH-SH-M897-L,Men's Sports Shorts- L,25.0,S,2012-07-01,2008-12-27,CL_SH,SH-M897-L,False,2012-07-01,2008-12-27,CL_SH,Clothing,Shorts,No
455,CL-SH-SH-M897-X,Men's Sports Shorts- XL,25.0,S,2012-07-01,2008-12-27,CL_SH,SH-M897-X,False,2012-07-01,2008-12-27,CL_SH,Clothing,Shorts,No
456,CL-TI-TG-W091-S,Women's Tights- S,31.0,S,2012-07-01,2008-12-27,CL_TI,TG-W091-S,False,2012-07-01,2008-12-27,CL_TI,Clothing,Tights,No
457,CL-TI-TG-W091-M,Women's Tights- M,31.0,S,2012-07-01,2008-12-27,CL_TI,TG-W091-M,False,2012-07-01,2008-12-27,CL_TI,Clothing,Tights,No
458,CL-TI-TG-W091-L,Women's Tights- L,31.0,S,2012-07-01,2008-12-27,CL_TI,TG-W091-L,False,2012-07-01,2008-12-27,CL_TI,Clothing,Tights,No
459,CL-BS-SB-M891-S,Men's Bib-Shorts- S,37.0,S,2012-07-01,2008-12-27,CL_BS,SB-M891-S,False,2012-07-01,2008-12-27,CL_BS,Clothing,Bib-Shorts,No
460,CL-BS-SB-M891-M,Men's Bib-Shorts- M,37.0,S,2012-07-01,2008-12-27,CL_BS,SB-M891-M,False,2012-07-01,2008-12-27,CL_BS,Clothing,Bib-Shorts,No
461,CL-BS-SB-M891-L,Men's Bib-Shorts- L,37.0,S,2012-07-01,2008-12-27,CL_BS,SB-M891-L,False,2012-07-01,2008-12-27,CL_BS,Clothing,Bib-Shorts,No
462,CL-GL-GL-H102-S,Half-Finger Gloves- S,10.0,S,2012-07-01,2008-12-27,CL_GL,GL-H102-S,False,2012-07-01,2008-12-27,CL_GL,Clothing,Gloves,No
463,CL-GL-GL-H102-S,Half-Finger Gloves- S,9.0,S,2013-07-01,,CL_GL,GL-H102-S,True,2013-07-01,9999-12-31,CL_GL,Clothing,Gloves,No
464,CL-GL-GL-H102-M,Half-Finger Gloves- M,10.0,S,2012-07-01,2008-12-27,CL_GL,GL-H102-M,False,2012-07-01,2008-12-27,CL_GL,Clothing,Gloves,No
465,CL-GL-GL-H102-M,Half-Finger Gloves- M,9.0,S,2013-07-01,,CL_GL,GL-H102-M,True,2013-07-01,9999-12-31,CL_GL,Clothing,Gloves,No
466,CL-GL-GL-H102-L,Half-Finger Gloves- L,10.0,S,2012-07-01,2008-12-27,CL_GL,GL-H102-L,False,2012-07-01,2008-12-27,CL_GL,Clothing,Gloves,No
467,CL-GL-GL-H102-L,Half-Finger Gloves- L,9.0,S,2013-07-01,,CL_GL,GL-H102-L,True,2013-07-01,9999-12-31,CL_GL,Clothing,Gloves,No
468,CL-GL-GL-F110-S,Full-Finger Gloves- S,16.0,M,2012-07-01,2008-12-27,CL_GL,GL-F110-S,False,2012-07-01,2008-12-27,CL_GL,Clothing,Gloves,No
469,CL-GL-GL-F110-M,Full-Finger Gloves- M,16.0,M,2012-07-01,2008-12-27,CL_GL,GL-F110-M,False,2012-07-01,2008-12-27,CL_GL,Clothing,Gloves,No
470,CL-GL-GL-F110-L,Full-Finger Gloves- L,16.0,M,2012-07-01,2008-12-27,CL_GL,GL-F110-L,False,2012-07-01,2008-12-27,CL_GL,Clothing,Gloves,No
471,CL-VE-VE-C304-S,Classic Vest- S,24.0,S,2013-07-01,,CL_VE,VE-C304-S,True,2013-07-01,9999-12-31,CL_VE,Clothing,Vests,No
472,CL-VE-VE-C304-M,Classic Vest- M,24.0,S,2013-07-01,,CL_VE,VE-C304-M,True,2013-07-01,9999-12-31,CL_VE,Clothing,Vests,No
473,CL-VE-VE-C304-L,Classic Vest- L,24.0,S,2013-07-01,,CL_VE,VE-C304-L,True,2013-07-01,9999-12-31,CL_VE,Clothing,Vests,No
474,CL-SH-SH-W890-S,Women's Mountain Shorts- S,26.0,M,2013-07-01,,CL_SH,SH-W890-S,True,2013-07-01,9999-12-31,CL_SH,Clothing,Shorts,No
475,CL-SH-SH-W890-M,Women's Mountain Shorts- M,26.0,M,2013-07-01,,CL_SH,SH-W890-M,True,2013-07-01,9999-12-31,CL_SH,Clothing,Shorts,No
476,CL-SH-SH-W890-L,Women's Mountain Shorts- L,26.0,M,2013-07-01,,CL_SH,SH-W890-L,True,2013-07-01,9999-12-31,CL_SH,Clothing,Shorts,No
477,AC-BC-WB-H098,Water Bottle - 30 oz.,2.0,S,2013-07-01,,AC_BC,WB-H098,True,2013-07-01,9999-12-31,AC_BC,Accessories,Bottles and Cages,No
478,AC-BC-BC-M005,Mountain Bottle Cage,4.0,M,2013-07-01,,AC_BC,BC-M005,True,2013-07-01,9999-12-31,AC_BC,Accessories,Bottles and Cages,No
479,AC-BC-BC-R205,Road Bottle Cage,3.0,R,2013-07-01,,AC_BC,BC-R205,True,2013-07-01,9999-12-31,AC_BC,Accessories,Bottles and Cages,No
480,AC-TT-PK-7098,Patch Kit/8 Patches,1.0,S,2013-07-01,,AC_TT,PK-7098,True,2013-07-01,9999-12-31,AC_TT,Accessories,Tires and Tubes,Yes
481,CL-SO-SO-R809-M,Racing Socks- M,3.0,R,2013-07-01,,CL_SO,SO-R809-M,True,2013-07-01,9999-12-31,CL_SO,Clothing,Socks,No
482,CL-SO-SO-R809-L,Racing Socks- L,3.0,R,2013-07-01,,CL_SO,SO-R809-L,True,2013-07-01,9999-12-31,CL_SO,Clothing,Socks,No
483,AC-BR-RA-H123,Hitch Rack - 4-Bike,45.0,S,2013-07-01,,AC_BR,RA-H123,True,2013-07-01,9999-12-31,AC_BR,Accessories,Bike Racks,Yes
484,AC-CL-CL-9009,Bike Wash - Dissolver,3.0,S,2013-07-01,,AC_CL,CL-9009,True,2013-07-01,9999-12-31,AC_CL,Accessories,Cleaners,Yes
485,AC-FE-FE-6654,Fender Set - Mountain,8.0,M,2013-07-01,,AC_FE,FE-6654,True,2013-07-01,9999-12-31,AC_FE,Accessories,Fenders,No
486,AC-BS-ST-1401,All-Purpose Bike Stand,59.0,M,2013-07-01,,AC_BS,ST-1401,True,2013-07-01,9999-12-31,AC_BS,Accessories,Bike Stands,No
487,AC-HP-HY-1023-70,Hydration Pack - 70 oz.,21.0,S,2013-07-01,,AC_HP,HY-1023-70,True,2013-07-01,9999-12-31,AC_HP,Accessories,Hydration Packs,No
488,CL-JE-SJ-0194-S,Short-Sleeve Classic Jersey- S,42.0,S,2013-07-01,,CL_JE,SJ-0194-S,True,2013-07-01,9999-12-31,CL_JE,Clothing,Jerseys,No
489,CL-JE-SJ-0194-M,Short-Sleeve Classic Jersey- M,42.0,S,2013-07-01,,CL_JE,SJ-0194-M,True,2013-07-01,9999-12-31,CL_JE,Clothing,Jerseys,No
490,CL-JE-SJ-0194-L,Short-Sleeve Classic Jersey- L,42.0,S,2013-07-01,,CL_JE,SJ-0194-L,True,2013-07-01,9999-12-31,CL_JE,Clothing,Jerseys,No
491,CL-JE-SJ-0194-X,Short-Sleeve Classic Jersey- XL,42.0,S,2013-07-01,,CL_JE,SJ-0194-X,True,2013-07-01,9999-12-31,CL_JE,Clothing,Jerseys,No
492,CO-TF-FR-T98Y-60,HL Touring Frame - Yellow- 60,602.0,T,2013-07-01,,CO_TF,FR-T98Y-60,True,2013-07-01,9999-12-31,CO_TF,Components,Touring Frames,Yes
493,CO-TF-FR-T67Y-62,LL Touring Frame - Yellow- 62,200.0,T,2013-07-01,,CO_TF,FR-T67Y-62,True,2013-07-01,9999-12-31,CO_TF,Components,Touring Frames,Yes
494,CO-TF-FR-T98Y-46,HL Touring Frame - Yellow- 46,602.0,T,2013-07-01,,CO_TF,FR-T98Y-46,True,2013-07-01,9999-12-31,CO_TF,Components,Touring Frames,Yes
495,CO-TF-FR-T98Y-50,HL Touring Frame - Yellow- 50,602.0,T,2013-07-01,,CO_TF,FR-T98Y-50,True,2013-07-01,9999-12-31,CO_TF,Components,Touring Frames,Yes
496,CO-TF-FR-T98Y-54,HL Touring Frame - Yellow- 54,602.0,T,2013-07-01,,CO_TF,FR-T98Y-54,True,2013-07-01,9999-12-31,CO_TF,Components,Touring Frames,Yes
497,CO-TF-FR-T98U-46,HL Touring Frame - Blue- 46,602.0,T,2013-07-01,,CO_TF,FR-T98U-46,True,2013-07-01,9999-12-31,CO_TF,Components,Touring Frames,Yes
498,CO-TF-FR-T98U-50,HL Touring Frame - Blue- 50,602.0,T,2013-07-01,,CO_TF,FR-T98U-50,True,2013-07-01,9999-12-31,CO_TF,Components,Touring Frames,Yes
499,CO-TF-FR-T98U-54,HL Touring Frame - Blue- 54,602.0,T,2013-07-01,,CO_TF,FR-T98U-54,True,2013-07-01,9999-12-31,CO_TF,Components,Touring Frames,Yes
500,CO-TF-FR-T98U-60,HL Touring Frame - Blue- 60,602.0,T,2013-07-01,,CO_TF,FR-T98U-60,True,2013-07-01,9999-12-31,CO_TF,Components,Touring Frames,Yes
501,CO-DE-RD-2308,Rear Derailleur,54.0,,2013-07-01,,CO_DE,RD-2308,True,2013-07-01,9999-12-31,CO_DE,Components,Derailleurs,Yes
502,CO-TF-FR-T67U-50,LL Touring Frame - Blue- 50,200.0,T,2013-07-01,,CO_TF,FR-T67U-50,True,2013-07-01,9999-12-31,CO_TF,Components,Touring Frames,Yes
503,CO-TF-FR-T67U-54,LL Touring Frame - Blue- 54,200.0,T,2013-07-01,,CO_TF,FR-T67U-54,True,2013-07-01,9999-12-31,CO_TF,Components,Touring Frames,Yes
504,CO-TF-FR-T67U-58,LL Touring Frame - Blue- 58,200.0,T,2013-07-01,,CO_TF,FR-T67U-58,True,2013-07-01,9999-12-31,CO_TF,Components,Touring Frames,Yes
505,CO-TF-FR-T67U-62,LL Touring Frame - Blue- 62,200.0,T,2013-07-01,,CO_TF,FR-T67U-62,True,2013-07-01,9999-12-31,CO_TF,Components,Touring Frames,Yes
506,CO-TF-FR-T67Y-44,LL Touring Frame - Yellow- 44,200.0,T,2013-07-01,,CO_TF,FR-T67Y-44,True,2013-07-01,9999-12-31,CO_TF,Components,Touring Frames,Yes
507,CO-TF-FR-T67Y-50,LL Touring Frame - Yellow- 50,200.0,T,2013-07-01,,CO_TF,FR-T67Y-50,True,2013-07-01,9999-12-31,CO_TF,Components,Touring Frames,Yes
508,CO-TF-FR-T67Y-54,LL Touring Frame - Yellow- 54,200.0,T,2013-07-01,,CO_TF,FR-T67Y-54,True,2013-07-01,9999-12-31,CO_TF,Components,Touring Frames,Yes
509,CO-TF-FR-T67Y-58,LL Touring Frame - Yellow- 58,200.0,T,2013-07-01,,CO_TF,FR-T67Y-58,True,2013-07-01,9999-12-31,CO_TF,Components,Touring Frames,Yes
510,CO-TF-FR-T67U-44,LL Touring Frame - Blue- 44,200.0,T,2013-07-01,,CO_TF,FR-T67U-44,True,2013-07-01,9999-12-31,CO_TF,Components,Touring Frames,Yes
511,CO-MF-FR-M63S-40,ML Mountain Frame-W - Silver- 40,199.0,M,2013-07-01,,CO_MF,FR-M63S-40,True,2013-07-01,9999-12-31,CO_MF,Components,Mountain Frames,Yes
512,CO-MF-FR-M63S-42,ML Mountain Frame-W - Silver- 42,199.0,M,2013-07-01,,CO_MF,FR-M63S-42,True,2013-07-01,9999-12-31,CO_MF,Components,Mountain Frames,Yes
513,CO-MF-FR-M63S-46,ML Mountain Frame-W - Silver- 46,199.0,M,2013-07-01,,CO_MF,FR-M63S-46,True,2013-07-01,9999-12-31,CO_MF,Components,Mountain Frames,Yes
514,CO-BR-RB-9231,Rear Brakes,47.0,,2013-07-01,,CO_BR,RB-9231,True,2013-07-01,9999-12-31,CO_BR,Components,Brakes,Yes
515,CO-SA-SE-M236,LL Mountain Seat/Saddle,12.0,M,2013-07-01,,CO_SA,SE-M236,True,2013-07-01,9999-12-31,CO_SA,Components,Saddles,No
516,CO-SA-SE-M798,ML Mountain Seat/Saddle,17.0,M,2013-07-01,,CO_SA,SE-M798,True,2013-07-01,9999-12-31,CO_SA,Components,Saddles,No
517,CO-SA-SE-M940,HL Mountain Seat/Saddle,23.0,M,2013-07-01,,CO_SA,SE-M940,True,2013-07-01,9999-12-31,CO_SA,Components,Saddles,No
518,CO-SA-SE-R581,LL Road Seat/Saddle,12.0,R,2013-07-01,,CO_SA,SE-R581,True,2013-07-01,9999-12-31,CO_SA,Components,Saddles,No
519,CO-SA-SE-R908,ML Road Seat/Saddle,17.0,T,2013-07-01,,CO_SA,SE-R908,True,2013-07-01,9999-12-31,CO_SA,Components,Saddles,No
520,CO-SA-SE-R995,HL Road Seat/Saddle,23.0,R,2013-07-01,,CO_SA,SE-R995,True,2013-07-01,9999-12-31,CO_SA,Components,Saddles,No
521,CO-SA-SE-T312,LL Touring Seat/Saddle,12.0,T,2013-07-01,,CO_SA,SE-T312,True,2013-07-01,9999-12-31,CO_SA,Components,Saddles,No
522,CO-SA-SE-T762,ML Touring Seat/Saddle,17.0,T,2013-07-01,,CO_SA,SE-T762,True,2013-07-01,9999-12-31,CO_SA,Components,Saddles,No
523,CO-SA-SE-T924,HL Touring Seat/Saddle,23.0,T,2013-07-01,,CO_SA,SE-T924,True,2013-07-01,9999-12-31,CO_SA,Components,Saddles,No
524,CO-MF-FR-M21S-42,LL Mountain Frame - Silver- 42,145.0,M,2013-07-01,,CO_MF,FR-M21S-42,True,2013-07-01,9999-12-31,CO_MF,Components,Mountain Frames,Yes
525,CO-MF-FR-M21S-44,LL Mountain Frame - Silver- 44,145.0,M,2013-07-01,,CO_MF,FR-M21S-44,True,2013-07-01,9999-12-31,CO_MF,Components,Mountain Frames,Yes
526,CO-MF-FR-M21S-48,LL Mountain Frame - Silver- 48,145.0,M,2013-07-01,,CO_MF,FR-M21S-48,True,2013-07-01,9999-12-31,CO_MF,Components,Mountain Frames,Yes
527,CO-MF-FR-M21S-52,LL Mountain Frame - Silver- 52,145.0,M,2013-07-01,,CO_MF,FR-M21S-52,True,2013-07-01,9999-12-31,CO_MF,Components,Mountain Frames,Yes
528,AC-TT-TT-M928,Mountain Tire Tube,2.0,M,2013-07-01,,AC_TT,TT-M928,True,2013-07-01,9999-12-31,AC_TT,Accessories,Tires and Tubes,Yes
529,AC-TT-TT-R982,Road Tire Tube,1.0,R,2013-07-01,,AC_TT,TT-R982,True,2013-07-01,9999-12-31,AC_TT,Accessories,Tires and Tubes,Yes
530,AC-TT-TT-T092,Touring Tire Tube,2.0,T,2013-07-01,,AC_TT,TT-T092,True,2013-07-01,9999-12-31,AC_TT,Accessories,Tires and Tubes,Yes
531,CO-MF-FR-M21B-42,LL Mountain Frame - Black- 42,137.0,M,2013-07-01,,CO_MF,FR-M21B-42,True,2013-07-01,9999-12-31,CO_MF,Components,Mountain Frames,Yes
532,CO-MF-FR-M21B-44,LL Mountain Frame - Black- 44,137.0,M,2013-07-01,,CO_MF,FR-M21B-44,True,2013-07-01,9999-12-31,CO_MF,Components,Mountain Frames,Yes
533,CO-MF-FR-M21B-48,LL Mountain Frame - Black- 48,137.0,M,2013-07-01,,CO_MF,FR-M21B-48,True,2013-07-01,9999-12-31,CO_MF,Components,Mountain Frames,Yes
534,CO-MF-FR-M21B-52,LL Mountain Frame - Black- 52,137.0,M,2013-07-01,,CO_MF,FR-M21B-52,True,2013-07-01,9999-12-31,CO_MF,Components,Mountain Frames,Yes
535,AC-TT-TI-M267,LL Mountain Tire,9.0,M,2013-07-01,,AC_TT,TI-M267,True,2013-07-01,9999-12-31,AC_TT,Accessories,Tires and Tubes,Yes
536,AC-TT-TI-M602,ML Mountain Tire,11.0,M,2013-07-01,,AC_TT,TI-M602,True,2013-07-01,9999-12-31,AC_TT,Accessories,Tires and Tubes,Yes
537,AC-TT-TI-M823,HL Mountain Tire,13.0,M,2013-07-01,,AC_TT,TI-M823,True,2013-07-01,9999-12-31,AC_TT,Accessories,Tires and Tubes,Yes
538,AC-TT-TI-R092,LL Road Tire,8.0,R,2013-07-01,,AC_TT,TI-R092,True,2013-07-01,9999-12-31,AC_TT,Accessories,Tires and Tubes,Yes
539,AC-TT-TI-R628,ML Road Tire,9.0,R,2013-07-01,,AC_TT,TI-R628,True,2013-07-01,9999-12-31,AC_TT,Accessories,Tires and Tubes,Yes
540,AC-TT-TI-R982,HL Road Tire,12.0,R,2013-07-01,,AC_TT,TI-R982,True,2013-07-01,9999-12-31,AC_TT,Accessories,Tires and Tubes,Yes
541,AC-TT-TI-T723,Touring Tire,11.0,T,2013-07-01,,AC_TT,TI-T723,True,2013-07-01,9999-12-31,AC_TT,Accessories,Tires and Tubes,Yes
542,CO-PE-PD-M282,LL Mountain Pedal,18.0,M,2013-07-01,,CO_PE,PD-M282,True,2013-07-01,9999-12-31,,n/a,n/a,n/a
543,CO-PE-PD-M340,ML Mountain Pedal,28.0,M,2013-07-01,,CO_PE,PD-M340,True,2013-07-01,9999-12-31,,n/a,n/a,n/a
544,CO-PE-PD-M562,HL Mountain Pedal,36.0,M,2013-07-01,,CO_PE,PD-M562,True,2013-07-01,9999-12-31,,n/a,n/a,n/a
545,CO-PE-PD-R347,LL Road Pedal,18.0,R,2013-07-01,,CO_PE,PD-R347,True,2013-07-01,9999-12-31,,n/a,n/a,n/a
546,CO-PE-PD-R563,ML Road Pedal,28.0,R,2013-07-01,,CO_PE,PD-R563,True,2013-07-01,9999-12-31,,n/a,n/a,n/a
547,CO-PE-PD-R853,HL Road Pedal,36.0,R,2013-07-01,,CO_PE,PD-R853,True,2013-07-01,9999-12-31,,n/a,n/a,n/a
548,CO-PE-PD-T852,Touring Pedal,36.0,T,2013-07-01,,CO_PE,PD-T852,True,2013-07-01,9999-12-31,,n/a,n/a,n/a
549,CO-MF-FR-M63S-38,ML Mountain Frame-W - Silver- 38,199.0,M,2013-07-01,,CO_MF,FR-M63S-38,True,2013-07-01,9999-12-31,CO_MF,Components,Mountain Frames,Yes
550,CO-MF-FR-M21B-40,LL Mountain Frame - Black- 40,137.0,M,2013-07-01,,CO_MF,FR-M21B-40,True,2013-07-01,9999-12-31,CO_MF,Components,Mountain Frames,Yes
551,CO-MF-FR-M21S-40,LL Mountain Frame - Silver- 40,145.0,M,2013-07-01,,CO_MF,FR-M21S-40,True,2013-07-01,9999-12-31,CO_MF,Components,Mountain Frames,Yes
552,CO-DE-FD-2342,Front Derailleur,41.0,,2013-07-01,,CO_DE,FD-2342,True,2013-07-01,9999-12-31,CO_DE,Components,Derailleurs,Yes
553,CO-HB-HB-T721,LL Touring Handlebars,20.0,T,2013-07-01,,CO_HB,HB-T721,True,2013-07-01,9999-12-31,CO_HB,Components,Handlebars,No
554,CO-HB-HB-T928,HL Touring Handlebars,41.0,T,2013-07-01,,CO_HB,HB-T928,True,2013-07-01,9999-12-31,CO_HB,Components,Handlebars,No
555,CO-BR-FB-9873,Front Brakes,47.0,,2013-07-01,,CO_BR,FB-9873,True,2013-07-01,9999-12-31,CO_BR,Components,Brakes,Yes
556,CO-CS-CS-4759,LL Crankset,78.0,,2013-07-01,,CO_CS,CS-4759,True,2013-07-01,9999-12-31,CO_CS,Components,Cranksets,Yes
557,CO-CS-CS-6583,ML Crankset,114.0,,2013-07-01,,CO_CS,CS-6583,True,2013-07-01,9999-12-31,CO_CS,Components,Cranksets,Yes
558,CO-CS-CS-9183,HL Crankset,180.0,,2013-07-01,,CO_CS,CS-9183,True,2013-07-01,9999-12-31,CO_CS,Components,Cranksets,Yes
559,CO-CH-CH-0234,Chain,9.0,,2013-07-01,,CO_CH,CH-0234,True,2013-07-01,9999-12-31,CO_CH,Components,Chains,Yes
560,BI-TB-BK-T44U-60,Touring-2000 Blue- 60,755.0,T,2013-07-01,,BI_TB,BK-T44U-60,True,2013-07-01,9999-12-31,BI_TB,Bikes,Touring Bikes,Yes
561,BI-TB-BK-T79Y-46,Touring-1000 Yellow- 46,1482.0,T,2013-07-01,,BI_TB,BK-T79Y-46,True,2013-07-01,9999-12-31,BI_TB,Bikes,Touring Bikes,Yes
562,BI-TB-BK-T79Y-50,Touring-1000 Yellow- 50,1482.0,T,2013-07-01,,BI_TB,BK-T79Y-50,True,2013-07-01,9999-12-31,BI_TB,Bikes,Touring Bikes,Yes
563,BI-TB-BK-T79Y-54,Touring-1000 Yellow- 54,1482.0,T,2013-07-01,,BI_TB,BK-T79Y-54,True,2013-07-01,9999-12-31,BI_TB,Bikes,Touring Bikes,Yes
564,BI-TB-BK-T79Y-60,Touring-1000 Yellow- 60,1482.0,T,2013-07-01,,BI_TB,BK-T79Y-60,True,2013-07-01,9999-12-31,BI_TB,Bikes,Touring Bikes,Yes
565,BI-TB-BK-T18U-54,Touring-3000 Blue- 54,461.0,T,2013-07-01,,BI_TB,BK-T18U-54,True,2013-07-01,9999-12-31,BI_TB,Bikes,Touring Bikes,Yes
566,BI-TB-BK-T18U-58,Touring-3000 Blue- 58,461.0,T,2013-07-01,,BI_TB,BK-T18U-58,True,2013-07-01,9999-12-31,BI_TB,Bikes,Touring Bikes,Yes
567,BI-TB-BK-T18U-62,Touring-3000 Blue- 62,461.0,T,2013-07-01,,BI_TB,BK-T18U-62,True,2013-07-01,9999-12-31,BI_TB,Bikes,Touring Bikes,Yes
568,BI-TB-BK-T18Y-44,Touring-3000 Yellow- 44,461.0,T,2013-07-01,,BI_TB,BK-T18Y-44,True,2013-07-01,9999-12-31,BI_TB,Bikes,Touring Bikes,Yes
569,BI-TB-BK-T18Y-50,Touring-3000 Yellow- 50,461.0,T,2013-07-01,,BI_TB,BK-T18Y-50,True,2013-07-01,9999-12-31,BI_TB,Bikes,Touring Bikes,Yes
570,BI-TB-BK-T18Y-54,Touring-3000 Yellow- 54,461.0,T,2013-07-01,,BI_TB,BK-T18Y-54,True,2013-07-01,9999-12-31,BI_TB,Bikes,Touring Bikes,Yes
571,BI-TB-BK-T18Y-58,Touring-3000 Yellow- 58,461.0,T,2013-07-01,,BI_TB,BK-T18Y-58,True,2013-07-01,9999-12-31,BI_TB,Bikes,Touring Bikes,Yes
572,BI-TB-BK-T18Y-62,Touring-3000 Yellow- 62,461.0,T,2013-07-01,,BI_TB,BK-T18Y-62,True,2013-07-01,9999-12-31,BI_TB,Bikes,Touring Bikes,Yes
573,BI-TB-BK-T79U-46,Touring-1000 Blue- 46,1482.0,T,2013-07-01,,BI_TB,BK-T79U-46,True,2013-07-01,9999-12-31,BI_TB,Bikes,Touring Bikes,Yes
574,BI-TB-BK-T79U-50,Touring-1000 Blue- 50,1482.0,T,2013-07-01,,BI_TB,BK-T79U-50,True,2013-07-01,9999-12-31,BI_TB,Bikes,Touring Bikes,Yes
575,BI-TB-BK-T79U-54,Touring-1000 Blue- 54,1482.0,T,2013-07-01,,BI_TB,BK-T79U-54,True,2013-07-01,9999-12-31,BI_TB,Bikes,Touring Bikes,Yes
576,BI-TB-BK-T79U-60,Touring-1000 Blue- 60,1482.0,T,2013-07-01,,BI_TB,BK-T79U-60,True,2013-07-01,9999-12-31,BI_TB,Bikes,Touring Bikes,Yes
577,BI-TB-BK-T44U-46,Touring-2000 Blue- 46,755.0,T,2013-07-01,,BI_TB,BK-T44U-46,True,2013-07-01,9999-12-31,BI_TB,Bikes,Touring Bikes,Yes
578,BI-TB-BK-T44U-50,Touring-2000 Blue- 50,755.0,T,2013-07-01,,BI_TB,BK-T44U-50,True,2013-07-01,9999-12-31,BI_TB,Bikes,Touring Bikes,Yes
579,BI-TB-BK-T44U-54,Touring-2000 Blue- 54,755.0,T,2013-07-01,,BI_TB,BK-T44U-54,True,2013-07-01,9999-12-31,BI_TB,Bikes,Touring Bikes,Yes
580,BI-RB-BK-R79Y-40,Road-350-W Yellow- 40,1083.0,R,2013-07-01,,BI_RB,BK-R79Y-40,True,2013-07-01,9999-12-31,BI_RB,Bikes,Road Bikes,Yes
581,BI-RB-BK-R79Y-42,Road-350-W Yellow- 42,1083.0,R,2013-07-01,,BI_RB,BK-R79Y-42,True,2013-07-01,9999-12-31,BI_RB,Bikes,Road Bikes,Yes
582,BI-RB-BK-R79Y-44,Road-350-W Yellow- 44,1083.0,R,2013-07-01,,BI_RB,BK-R79Y-44,True,2013-07-01,9999-12-31,BI_RB,Bikes,Road Bikes,Yes
583,BI-RB-BK-R79Y-48,Road-350-W Yellow- 48,1083.0,R,2013-07-01,,BI_RB,BK-R79Y-48,True,2013-07-01,9999-12-31,BI_RB,Bikes,Road Bikes,Yes
584,BI-RB-BK-R19B-58,Road-750 Black- 58,344.0,R,2013-07-01,,BI_RB,BK-R19B-58,True,2013-07-01,9999-12-31,BI_RB,Bikes,Road Bikes,Yes
585,BI-TB-BK-T18U-44,Touring-3000 Blue- 44,461.0,T,2013-07-01,,BI_TB,BK-T18U-44,True,2013-07-01,9999-12-31,BI_TB,Bikes,Touring Bikes,Yes
586,BI-TB-BK-T18U-50,Touring-3000 Blue- 50,461.0,T,2013-07-01,,BI_TB,BK-T18U-50,True,2013-07-01,9999-12-31,BI_TB,Bikes,Touring Bikes,Yes
587,BI-MB-BK-M38S-38,Mountain-400-W Silver- 38,420.0,M,2013-07-01,,BI_MB,BK-M38S-38,True,2013-07-01,9999-12-31,BI_MB,Bikes,Mountain Bikes,Yes
588,BI-MB-BK-M38S-40,Mountain-400-W Silver- 40,420.0,M,2013-07-01,,BI_MB,BK-M38S-40,True,2013-07-01,9999-12-31,BI_MB,Bikes,Mountain Bikes,Yes
589,BI-MB-BK-M38S-42,Mountain-400-W Silver- 42,420.0,M,2013-07-01,,BI_MB,BK-M38S-42,True,2013-07-01,9999-12-31,BI_MB,Bikes,Mountain Bikes,Yes
590,BI-MB-BK-M38S-46,Mountain-400-W Silver- 46,420.0,M,2013-07-01,,BI_MB,BK-M38S-46,True,2013-07-01,9999-12-31,BI_MB,Bikes,Mountain Bikes,Yes
591,BI-MB-BK-M18S-40,Mountain-500 Silver- 40,308.0,M,2013-07-01,,BI_MB,BK-M18S-40,True,2013-07-01,9999-12-31,BI_MB,Bikes,Mountain Bikes,Yes
592,BI-MB-BK-M18S-42,Mountain-500 Silver- 42,308.0,M,2013-07-01,,BI_MB,BK-M18S-42,True,2013-07-01,9999-12-31,BI_MB,Bikes,Mountain Bikes,Yes
593,BI-MB-BK-M18S-44,Mountain-500 Silver- 44,308.0,M,2013-07-01,,BI_MB,BK-M18S-44,True,2013-07-01,9999-12-31,BI_MB,Bikes,Mountain Bikes,Yes
594,BI-MB-BK-M18S-48,Mountain-500 Silver- 48,308.0,M,2013-07-01,,BI_MB,BK-M18S-48,True,2013-07-01,9999-12-31,BI_MB,Bikes,Mountain Bikes,Yes
595,BI-MB-BK-M18S-52,Mountain-500 Silver- 52,308.0,M,2013-07-01,,BI_MB,BK-M18S-52,True,2013-07-01,9999-12-31,BI_MB,Bikes,Mountain Bikes,Yes
596,BI-MB-BK-M18B-40,Mountain-500 Black- 40,295.0,M,2013-07-01,,BI_MB,BK-M18B-40,True,2013-07-01,9999-12-31,BI_MB,Bikes,Mountain Bikes,Yes
597,BI-MB-BK-M18B-42,Mountain-500 Black- 42,295.0,M,2013-07-01,,BI_MB,BK-M18B-42,True,2013-07-01,9999-12-31,BI_MB,Bikes,Mountain Bikes,Yes
598,BI-MB-BK-M18B-44,Mountain-500 Black- 44,295.0,M,2013-07-01,,BI_MB,BK-M18B-44,True,2013-07-01,9999-12-31,BI_MB,Bikes,Mountain Bikes,Yes
599,BI-MB-BK-M18B-48,Mountain-500 Black- 48,295.0,M,2013-07-01,,BI_MB,BK-M18B-48,True,2013-07-01,9999-12-31,BI_MB,Bikes,Mountain Bikes,Yes
600,BI-MB-BK-M18B-52,Mountain-500 Black- 52,295.0,M,2013-07-01,,BI_MB,BK-M18B-52,True,2013-07-01,9999-12-31,BI_MB,Bikes,Mountain Bikes,Yes
601,CO-BB-BB-7421,LL Bottom Bracket,24.0,,2013-07-01,,CO_BB,BB-7421,True,2013-07-01,9999-12-31,CO_BB,Components,Bottom Brackets,Yes
602,CO-BB-BB-8107,ML Bottom Bracket,45.0,,2013-07-01,,CO_BB,BB-8107,True,2013-07-01,9999-12-31,CO_BB,Components,Bottom Brackets,Yes
603,CO-BB-BB-9108,HL Bottom Bracket,54.0,,2013-07-01,,CO_BB,BB-9108,True,2013-07-01,9999-12-31,CO_BB,Components,Bottom Brackets,Yes
604,BI-RB-BK-R19B-44,Road-750 Black- 44,344.0,R,2013-07-01,,BI_RB,BK-R19B-44,True,2013-07-01,9999-12-31,BI_RB,Bikes,Road Bikes,Yes
605,BI-RB-BK-R19B-48,Road-750 Black- 48,344.0,R,2013-07-01,,BI_RB,BK-R19B-48,True,2013-07-01,9999-12-31,BI_RB,Bikes,Road Bikes,Yes
606,BI-RB-BK-R19B-52,Road-750 Black- 52,344.0,R,2013-07-01,,BI_RB,BK-R19B-52,True,2013-07-01,9999-12-31,BI_RB,Bikes,Road Bikes,Yes
